date,region,product_category,sales_channel,units_sold,revenue
2025-01-01,North,SUV,Dealer,214,162464092
2025-01-01,North,Hatchback,Dealer,250,138721500
2025-01-01,North,Sedan,Dealer,171,115459713
2025-01-01,South,SUV,Dealer,166,89820940
2025-01-01,South,Hatchback,Dealer,211,155252956
2025-01-01,South,Sedan,Dealer,142,120337758
2025-01-01,East,SUV,Dealer,136,89315280
2025-01-01,East,Hatchback,Dealer,189,122756067
2025-01-01,East,Sedan,Dealer,124,72497096
2025-01-01,West,SUV,Dealer,192,209610816
2025-01-01,West,Hatchback,Dealer,266,273495348
2025-01-01,West,Sedan,Dealer,189,143042760
2025-01-02,North,SUV,Dealer,197,111925156
2025-01-02,North,Hatchback,Dealer,267,200782665
2025-01-02,North,Sedan,Online,172,104323160
2025-01-02,South,SUV,Dealer,164,157495268
2025-01-02,South,Hatchback,Dealer,223,187564631
2025-01-02,South,Sedan,Online,120,92620320
2025-01-02,East,SUV,Dealer,165,170910630
2025-01-02,East,Hatchback,Dealer,211,180095041
2025-01-02,East,Sedan,Dealer,119,115106439
2025-01-02,West,SUV,Dealer,201,170639151
2025-01-02,West,Hatchback,Dealer,280,206243520
2025-01-02,West,Sedan,Dealer,161,141180256
2025-01-03,North,SUV,Dealer,178,112810526
2025-01-03,North,Hatchback,Dealer,232,147628560
2025-01-03,North,Sedan,Dealer,186,95355876
2025-01-03,South,SUV,Dealer,190,149909620
2025-01-03,South,Hatchback,Dealer,206,226942166
2025-01-03,South,Sedan,Dealer,148,146456360
2025-01-03,East,SUV,Dealer,168,166527312
2025-01-03,East,Hatchback,Online,172,167274300
2025-01-03,East,Sedan,Dealer,120,133832400
2025-01-03,West,SUV,Dealer,236,169477736
2025-01-03,West,Hatchback,Dealer,254,139703810
2025-01-03,West,Sedan,Dealer,183,207036501
2025-01-04,North,SUV,Dealer,195,136165770
2025-01-04,North,Hatchback,Online,259,172208841
2025-01-04,North,Sedan,Online,196,179440940
2025-01-04,South,SUV,Dealer,192,108296448
2025-01-04,South,Hatchback,Dealer,218,152651230
2025-01-04,South,Sedan,Dealer,135,88142310
2025-01-04,East,SUV,Dealer,157,139299977
2025-01-04,East,Hatchback,Dealer,185,213242840
2025-01-04,East,Sedan,Dealer,121,140467690
2025-01-04,West,SUV,Dealer,217,158100992
2025-01-04,West,Hatchback,Dealer,281,157665447
2025-01-04,West,Sedan,Dealer,185,202228680
2025-01-05,North,SUV,Dealer,206,147142298
2025-01-05,North,Hatchback,Dealer,252,247637880
2025-01-05,North,Sedan,Dealer,173,154674110
2025-01-05,South,SUV,Dealer,216,166219776
2025-01-05,South,Hatchback,Online,225,140772825
2025-01-05,South,Sedan,Dealer,179,175540109
2025-01-05,East,SUV,Dealer,158,188417686
2025-01-05,East,Hatchback,Dealer,187,113337147
2025-01-05,East,Sedan,Dealer,121,111126400
2025-01-05,West,SUV,Dealer,226,250970740
2025-01-05,West,Hatchback,Dealer,276,225876744
2025-01-05,West,Sedan,Online,179,189568518
2025-01-06,North,SUV,Dealer,196,176771616
2025-01-06,North,Hatchback,Dealer,248,141681160
2025-01-06,North,Sedan,Dealer,179,173070088
2025-01-06,South,SUV,Dealer,193,206807606
2025-01-06,South,Hatchback,Online,204,233633652
2025-01-06,South,Sedan,Dealer,161,97809432
2025-01-06,East,SUV,Dealer,162,128303838
2025-01-06,East,Hatchback,Dealer,205,245667080
2025-01-06,East,Sedan,Online,147,151231689
2025-01-06,West,SUV,Online,232,206065880
2025-01-06,West,Hatchback,Dealer,284,288643116
2025-01-06,West,Sedan,Online,204,236215068
2025-01-07,North,SUV,Online,204,194687604
2025-01-07,North,Hatchback,Dealer,223,249418141
2025-01-07,North,Sedan,Dealer,161,186654867
2025-01-07,South,SUV,Online,163,102427733
2025-01-07,South,Hatchback,Dealer,232,140928400
2025-01-07,South,Sedan,Dealer,178,139191372
2025-01-07,East,SUV,Dealer,166,149252426
2025-01-07,East,Hatchback,Dealer,198,212585670
2025-01-07,East,Sedan,Dealer,155,179948800
2025-01-07,West,SUV,Dealer,242,162584312
2025-01-07,West,Hatchback,Dealer,297,335690487
2025-01-07,West,Sedan,Dealer,193,120455739
2025-01-08,North,SUV,Dealer,216,256606920
2025-01-08,North,Hatchback,Dealer,247,225245969
2025-01-08,North,Sedan,Online,204,195728004
2025-01-08,South,SUV,Dealer,203,114842378
2025-01-08,South,Hatchback,Dealer,210,158356590
2025-01-08,South,Sedan,Online,137,162770385
2025-01-08,East,SUV,Dealer,171,91763901
2025-01-08,East,Hatchback,Online,224,112899136
2025-01-08,East,Sedan,Dealer,135,91272015
2025-01-08,West,SUV,Dealer,207,233941464
2025-01-08,West,Hatchback,Dealer,254,165166548
2025-01-08,West,Sedan,Online,173,163348157
2025-01-09,North,SUV,Dealer,207,149243688
2025-01-09,North,Hatchback,Dealer,266,203360192
2025-01-09,North,Sedan,Dealer,164,182402440
2025-01-09,South,SUV,Dealer,178,161378182
2025-01-09,South,Hatchback,Dealer,248,153470832
2025-01-09,South,Sedan,Dealer,139,159909631
2025-01-09,East,SUV,Online,155,88398515
2025-01-09,East,Hatchback,Dealer,199,170628371
2025-01-09,East,Sedan,Dealer,149,111966199
2025-01-09,West,SUV,Dealer,217,190273412
2025-01-09,West,Hatchback,Dealer,269,259018486
2025-01-09,West,Sedan,Dealer,194,111263462
2025-01-10,North,SUV,Dealer,205,108291455
2025-01-10,North,Hatchback,Dealer,245,257307085
2025-01-10,North,Sedan,Dealer,160,108359520
2025-01-10,South,SUV,Dealer,204,106091424
2025-01-10,South,Hatchback,Dealer,225,255986325
2025-01-10,South,Sedan,Dealer,174,168237468
2025-01-10,East,SUV,Dealer,181,154865772
2025-01-10,East,Hatchback,Dealer,187,177192972
2025-01-10,East,Sedan,Dealer,145,142819635
2025-01-10,West,SUV,Dealer,233,130270533
2025-01-10,West,Hatchback,Online,270,282845790
2025-01-10,West,Sedan,Online,195,150533565
2025-01-11,North,SUV,Online,192,105982272
2025-01-11,North,Hatchback,Dealer,259,307261283
2025-01-11,North,Sedan,Dealer,182,118144026
2025-01-11,South,SUV,Dealer,181,187556906
2025-01-11,South,Hatchback,Dealer,251,188624492
2025-01-11,South,Sedan,Online,120,118928640
2025-01-11,East,SUV,Dealer,154,161644406
2025-01-11,East,Hatchback,Dealer,201,168336897
2025-01-11,East,Sedan,Dealer,134,78087830
2025-01-11,West,SUV,Online,199,130775636
2025-01-11,West,Hatchback,Dealer,273,196602588
2025-01-11,West,Sedan,Dealer,179,190284876
2025-01-12,North,SUV,Dealer,180,125384760
2025-01-12,North,Hatchback,Dealer,234,210734082
2025-01-12,North,Sedan,Dealer,183,219352218
2025-01-12,South,SUV,Dealer,163,149074584
2025-01-12,South,Hatchback,Online,215,133123700
2025-01-12,South,Sedan,Dealer,198,134313696
2025-01-12,East,SUV,Online,167,92172978
2025-01-12,East,Hatchback,Dealer,196,187010852
2025-01-12,East,Sedan,Dealer,108,77779872
2025-01-12,West,SUV,Dealer,218,185224136
2025-01-12,West,Hatchback,Online,284,314775376
2025-01-12,West,Sedan,Dealer,196,205011492
2025-01-13,North,SUV,Dealer,175,94167850
2025-01-13,North,Hatchback,Dealer,279,164590470
2025-01-13,North,Sedan,Online,178,130280870
2025-01-13,South,SUV,Dealer,171,160308567
2025-01-13,South,Hatchback,Online,213,182168037
2025-01-13,South,Sedan,Dealer,153,155648889
2025-01-13,East,SUV,Dealer,140,103329380
2025-01-13,East,Hatchback,Dealer,176,209869440
2025-01-13,East,Sedan,Dealer,154,108292184
2025-01-13,West,SUV,Dealer,210,110625900
2025-01-13,West,Hatchback,Dealer,270,314494650
2025-01-13,West,Sedan,Dealer,187,99176385
2025-01-14,North,SUV,Dealer,211,224416646
2025-01-14,North,Hatchback,Dealer,240,134790960
2025-01-14,North,Sedan,Dealer,159,113513280
2025-01-14,South,SUV,Online,179,156976735
2025-01-14,South,Hatchback,Dealer,220,138192560
2025-01-14,South,Sedan,Online,155,132608700
2025-01-14,East,SUV,Dealer,163,126485881
2025-01-14,East,Hatchback,Dealer,186,96281040
2025-01-14,East,Sedan,Dealer,121,81372742
2025-01-14,West,SUV,Online,247,126222681
2025-01-14,West,Hatchback,Dealer,307,202857925
2025-01-14,West,Sedan,Dealer,175,177576525
2025-01-15,North,SUV,Dealer,222,204366762
2025-01-15,North,Hatchback,Dealer,225,235000575
2025-01-15,North,Sedan,Dealer,198,115403112
2025-01-15,South,SUV,Online,157,97717114
2025-01-15,South,Hatchback,Online,200,195601400
2025-01-15,South,Sedan,Dealer,177,144912378
2025-01-15,East,SUV,Dealer,160,84433920
2025-01-15,East,Hatchback,Dealer,193,118273488
2025-01-15,East,Sedan,Online,125,96139250
2025-01-15,West,SUV,Dealer,246,160258176
2025-01-15,West,Hatchback,Online,251,194501657
2025-01-15,West,Sedan,Online,178,207409160
2025-01-16,North,SUV,Online,229,115601261
2025-01-16,North,Hatchback,Dealer,257,165643696
2025-01-16,North,Sedan,Dealer,162,132204312
2025-01-16,South,SUV,Online,168,175767816
2025-01-16,South,Hatchback,Dealer,167,135615022
2025-01-16,South,Sedan,Online,145,153905755
2025-01-16,East,SUV,Dealer,168,131265456
2025-01-16,East,Hatchback,Dealer,218,118643884
2025-01-16,East,Sedan,Dealer,152,124888976
2025-01-16,West,SUV,Online,232,255867000
2025-01-16,West,Hatchback,Dealer,299,314016378
2025-01-16,West,Sedan,Dealer,206,196751012
2025-01-17,North,SUV,Dealer,176,141585312
2025-01-17,North,Hatchback,Dealer,282,160849980
2025-01-17,North,Sedan,Online,187,188503667
2025-01-17,South,SUV,Dealer,189,191029104
2025-01-17,South,Hatchback,Dealer,225,113753025
2025-01-17,South,Sedan,Dealer,149,138540498
2025-01-17,East,SUV,Dealer,169,199348006
2025-01-17,East,Hatchback,Dealer,167,117375282
2025-01-17,East,Sedan,Online,121,81349752
2025-01-17,West,SUV,Dealer,233,201245362
2025-01-17,West,Hatchback,Online,276,253138920
2025-01-17,West,Sedan,Dealer,192,188298432
2025-01-18,North,SUV,Online,205,133219045
2025-01-18,North,Hatchback,Dealer,237,206334096
2025-01-18,North,Sedan,Dealer,170,153629680
2025-01-18,South,SUV,Dealer,180,121372740
2025-01-18,South,Hatchback,Dealer,218,154818368
2025-01-18,South,Sedan,Dealer,146,142047780
2025-01-18,East,SUV,Dealer,153,173747565
2025-01-18,East,Hatchback,Dealer,179,102689794
2025-01-18,East,Sedan,Dealer,131,84639886
2025-01-18,West,SUV,Online,226,262268932
2025-01-18,West,Hatchback,Dealer,321,198388593
2025-01-18,West,Sedan,Dealer,204,230412696
2025-01-19,North,SUV,Dealer,211,245947297
2025-01-19,North,Hatchback,Online,245,183195320
2025-01-19,North,Sedan,Online,173,132652248
2025-01-19,South,SUV,Dealer,166,144739218
2025-01-19,South,Hatchback,Dealer,240,212686320
2025-01-19,South,Sedan,Dealer,130,68388970
2025-01-19,East,SUV,Dealer,155,169967110
2025-01-19,East,Hatchback,Dealer,221,152727796
2025-01-19,East,Sedan,Dealer,148,162798668
2025-01-19,West,SUV,Dealer,253,154982993
2025-01-19,West,Hatchback,Dealer,269,165817249
2025-01-19,West,Sedan,Dealer,183,104731449
2025-01-20,North,SUV,Dealer,198,127708020
2025-01-20,North,Hatchback,Dealer,240,149769600
2025-01-20,North,Sedan,Dealer,134,139450718
2025-01-20,South,SUV,Online,190,224980140
2025-01-20,South,Hatchback,Online,211,160501159
2025-01-20,South,Sedan,Dealer,161,165046574
2025-01-20,East,SUV,Online,180,114757380
2025-01-20,East,Hatchback,Dealer,196,110607308
2025-01-20,East,Sedan,Dealer,110,97864580
2025-01-20,West,SUV,Dealer,225,166946175
2025-01-20,West,Hatchback,Dealer,286,248086696
2025-01-20,West,Sedan,Dealer,187,146284864
2025-01-21,North,SUV,Online,238,214933278
2025-01-21,North,Hatchback,Dealer,223,195992916
2025-01-21,North,Sedan,Dealer,208,193330592
2025-01-21,South,SUV,Online,170,147633440
2025-01-21,South,Hatchback,Dealer,211,175043068
2025-01-21,South,Sedan,Dealer,172,165809376
2025-01-21,East,SUV,Dealer,172,204941268
2025-01-21,East,Hatchback,Dealer,195,124219485
2025-01-21,East,Sedan,Online,142,120842710
2025-01-21,West,SUV,Online,235,244355820
2025-01-21,West,Hatchback,Online,279,180807624
2025-01-21,West,Sedan,Dealer,218,213045296
2025-01-22,North,SUV,Dealer,233,125752663
2025-01-22,North,Hatchback,Dealer,247,238433299
2025-01-22,North,Sedan,Online,202,220587232
2025-01-22,South,SUV,Dealer,156,146448744
2025-01-22,South,Hatchback,Dealer,185,133904850
2025-01-22,South,Sedan,Dealer,171,169294275
2025-01-22,East,SUV,Dealer,169,94535051
2025-01-22,East,Hatchback,Dealer,216,249756912
2025-01-22,East,Sedan,Dealer,128,68115712
2025-01-22,West,SUV,Dealer,212,183554052
2025-01-22,West,Hatchback,Dealer,274,184934656
2025-01-22,West,Sedan,Dealer,215,203905140
2025-01-23,North,SUV,Dealer,226,127638472
2025-01-23,North,Hatchback,Dealer,246,143735586
2025-01-23,North,Sedan,Dealer,185,172583170
2025-01-23,South,SUV,Dealer,200,198462600
2025-01-23,South,Hatchback,Dealer,204,104887212
2025-01-23,South,Sedan,Dealer,142,105189766
2025-01-23,East,SUV,Online,171,108331065
2025-01-23,East,Hatchback,Dealer,197,123299345
2025-01-23,East,Sedan,Dealer,148,176900700
2025-01-23,West,SUV,Dealer,210,211082550
2025-01-23,West,Hatchback,Dealer,265,216589800
2025-01-23,West,Sedan,Dealer,207,206734212
2025-01-24,North,SUV,Dealer,202,127808834
2025-01-24,North,Hatchback,Online,245,215566190
2025-01-24,North,Sedan,Dealer,173,143657124
2025-01-24,South,SUV,Dealer,196,189782096
2025-01-24,South,Hatchback,Online,204,138875040
2025-01-24,South,Sedan,Dealer,125,120840625
2025-01-24,East,SUV,Dealer,181,144530672
2025-01-24,East,Hatchback,Dealer,185,197247370
2025-01-24,East,Sedan,Dealer,131,108686770
2025-01-24,West,SUV,Dealer,220,158172740
2025-01-24,West,Hatchback,Dealer,264,275453640
2025-01-24,West,Sedan,Dealer,201,132412368
2025-01-25,North,SUV,Dealer,195,137772180
2025-01-25,North,Hatchback,Dealer,250,162969500
2025-01-25,North,Sedan,Dealer,172,163620504
2025-01-25,South,SUV,Dealer,179,100182004
2025-01-25,South,Hatchback,Dealer,236,169962008
2025-01-25,South,Sedan,Dealer,144,156724560
2025-01-25,East,SUV,Dealer,198,210333024
2025-01-25,East,Hatchback,Dealer,227,181760943
2025-01-25,East,Sedan,Online,130,100683180
2025-01-25,West,SUV,Dealer,214,123825322
2025-01-25,West,Hatchback,Online,275,310814625
2025-01-25,West,Sedan,Dealer,201,144007254
2025-01-26,North,SUV,Dealer,217,181455183
2025-01-26,North,Hatchback,Dealer,236,230913256
2025-01-26,North,Sedan,Dealer,174,169184898
2025-01-26,South,SUV,Online,194,103772734
2025-01-26,South,Hatchback,Dealer,238,121897650
2025-01-26,South,Sedan,Dealer,156,155980656
2025-01-26,East,SUV,Dealer,136,74399752
2025-01-26,East,Hatchback,Dealer,184,138869584
2025-01-26,East,Sedan,Online,139,122460251
2025-01-26,West,SUV,Dealer,238,181096580
2025-01-26,West,Hatchback,Dealer,290,172525060
2025-01-26,West,Sedan,Dealer,179,157231273
2025-01-27,North,SUV,Online,225,200793825
2025-01-27,North,Hatchback,Online,220,136548280
2025-01-27,North,Sedan,Dealer,164,124100932
2025-01-27,South,SUV,Online,185,105013770
2025-01-27,South,Hatchback,Dealer,214,114694156
2025-01-27,South,Sedan,Dealer,170,180141350
2025-01-27,East,SUV,Online,141,91474737
2025-01-27,East,Hatchback,Dealer,190,117180410
2025-01-27,East,Sedan,Dealer,139,116297964
2025-01-27,West,SUV,Dealer,234,238275414
2025-01-27,West,Hatchback,Dealer,250,182126000
2025-01-27,West,Sedan,Dealer,195,200052450
2025-01-28,North,SUV,Online,200,221094000
2025-01-28,North,Hatchback,Dealer,243,122535909
2025-01-28,North,Sedan,Online,171,123827427
2025-01-28,South,SUV,Dealer,214,170746534
2025-01-28,South,Hatchback,Dealer,213,208603893
2025-01-28,South,Sedan,Dealer,171,118364832
2025-01-28,East,SUV,Online,140,151449200
2025-01-28,East,Hatchback,Dealer,206,148797920
2025-01-28,East,Sedan,Online,143,131040338
2025-01-28,West,SUV,Dealer,226,258812488
2025-01-28,West,Hatchback,Dealer,279,317618622
2025-01-28,West,Sedan,Online,161,188564810
2025-01-29,North,SUV,Dealer,199,223817688
2025-01-29,North,Hatchback,Dealer,287,342466768
2025-01-29,North,Sedan,Dealer,184,142690896
2025-01-29,South,SUV,Dealer,204,214696332
2025-01-29,South,Hatchback,Dealer,203,225983051
2025-01-29,South,Sedan,Dealer,163,181913868
2025-01-29,East,SUV,Dealer,160,131084480
2025-01-29,East,Hatchback,Online,207,248396481
2025-01-29,East,Sedan,Dealer,147,131560002
2025-01-29,West,SUV,Online,234,141668982
2025-01-29,West,Hatchback,Dealer,273,157644942
2025-01-29,West,Sedan,Online,162,138144528
2025-01-30,North,SUV,Dealer,219,119314047
2025-01-30,North,Hatchback,Dealer,255,200484570
2025-01-30,North,Sedan,Dealer,171,134688834
2025-01-30,South,SUV,Dealer,190,142370990
2025-01-30,South,Hatchback,Dealer,200,211944600
2025-01-30,South,Sedan,Online,171,121412907
2025-01-30,East,SUV,Dealer,124,148348392
2025-01-30,East,Hatchback,Dealer,217,175051947
2025-01-30,East,Sedan,Dealer,150,113166600
2025-01-30,West,SUV,Dealer,202,143791074
2025-01-30,West,Hatchback,Dealer,278,292477128
2025-01-30,West,Sedan,Dealer,187,199016994
2025-01-31,North,SUV,Dealer,206,228602114
2025-01-31,North,Hatchback,Dealer,244,220535008
2025-01-31,North,Sedan,Dealer,147,94630956
2025-01-31,South,SUV,Dealer,153,157029714
2025-01-31,South,Hatchback,Dealer,231,215711496
2025-01-31,South,Sedan,Dealer,143,95305496
2025-01-31,East,SUV,Online,147,147286062
2025-01-31,East,Hatchback,Dealer,193,142531658
2025-01-31,East,Sedan,Dealer,147,99864744
2025-01-31,West,SUV,Dealer,228,158068524
2025-01-31,West,Hatchback,Online,277,222704676
2025-01-31,West,Sedan,Dealer,194,155624084
2025-02-01,North,SUV,Online,197,135265322
2025-02-01,North,Hatchback,Online,244,267928836
2025-02-01,North,Sedan,Online,193,168874807
2025-02-01,South,SUV,Dealer,171,86851926
2025-02-01,South,Hatchback,Dealer,223,251380541
2025-02-01,South,Sedan,Online,127,148975318
2025-02-01,East,SUV,Dealer,152,125750208
2025-02-01,East,Hatchback,Online,192,213713088
2025-02-01,East,Sedan,Dealer,143,118248988
2025-02-01,West,SUV,Dealer,241,266403569
2025-02-01,West,Hatchback,Dealer,254,161301176
2025-02-01,West,Sedan,Dealer,176,187644336
2025-02-02,North,SUV,Online,217,127376396
2025-02-02,North,Hatchback,Online,237,148359867
2025-02-02,North,Sedan,Dealer,186,116867892
2025-02-02,South,SUV,Dealer,180,119093940
2025-02-02,South,Hatchback,Dealer,226,132488206
2025-02-02,South,Sedan,Dealer,159,82620057
2025-02-02,East,SUV,Online,158,95626024
2025-02-02,East,Hatchback,Dealer,193,228058836
2025-02-02,East,Sedan,Online,155,182573570
2025-02-02,West,SUV,Online,234,251315064
2025-02-02,West,Hatchback,Online,269,250096025
2025-02-02,West,Sedan,Online,174,194276046
2025-02-03,North,SUV,Dealer,207,137475738
2025-02-03,North,Hatchback,Dealer,272,269000384
2025-02-03,North,Sedan,Dealer,172,114042536
2025-02-03,South,SUV,Dealer,181,120977323
2025-02-03,South,Hatchback,Dealer,215,145896635
2025-02-03,South,Sedan,Online,153,150014664
2025-02-03,East,SUV,Dealer,180,200816100
2025-02-03,East,Hatchback,Dealer,176,195024720
2025-02-03,East,Sedan,Dealer,146,110080058
2025-02-03,West,SUV,Online,239,209561414
2025-02-03,West,Hatchback,Dealer,305,358920035
2025-02-03,West,Sedan,Online,176,202061024
2025-02-04,North,SUV,Dealer,224,176786624
2025-02-04,North,Hatchback,Dealer,246,230695110
2025-02-04,North,Sedan,Dealer,182,202652268
2025-02-04,South,SUV,Dealer,179,127632370
2025-02-04,South,Hatchback,Dealer,211,199224301
2025-02-04,South,Sedan,Dealer,163,137073383
2025-02-04,East,SUV,Online,168,154865424
2025-02-04,East,Hatchback,Dealer,201,173288130
2025-02-04,East,Sedan,Dealer,134,99365154
2025-02-04,West,SUV,Online,228,239563932
2025-02-04,West,Hatchback,Dealer,282,258378270
2025-02-04,West,Sedan,Dealer,213,166929591
2025-02-05,North,SUV,Online,212,179164168
2025-02-05,North,Hatchback,Dealer,259,171400761
2025-02-05,North,Sedan,Dealer,162,189638982
2025-02-05,South,SUV,Dealer,194,161195376
2025-02-05,South,Hatchback,Dealer,244,258351836
2025-02-05,South,Sedan,Dealer,172,189033504
2025-02-05,East,SUV,Dealer,142,157164322
2025-02-05,East,Hatchback,Dealer,215,238649140
2025-02-05,East,Sedan,Dealer,164,108253284
2025-02-05,West,SUV,Dealer,219,258749157
2025-02-05,West,Hatchback,Dealer,278,304016908
2025-02-05,West,Sedan,Dealer,194,181705056
2025-02-06,North,SUV,Dealer,202,226368270
2025-02-06,North,Hatchback,Dealer,253,211656005
2025-02-06,North,Sedan,Dealer,187,134588388
2025-02-06,South,SUV,Dealer,181,147419070
2025-02-06,South,Hatchback,Online,246,175392342
2025-02-06,South,Sedan,Dealer,159,80943402
2025-02-06,East,SUV,Dealer,165,188449800
2025-02-06,East,Hatchback,Dealer,211,138645357
2025-02-06,East,Sedan,Dealer,153,160514442
2025-02-06,West,SUV,Dealer,233,157795755
2025-02-06,West,Hatchback,Dealer,295,176651310
2025-02-06,West,Sedan,Dealer,194,217157586
2025-02-07,North,SUV,Dealer,216,245025864
2025-02-07,North,Hatchback,Dealer,276,160959336
2025-02-07,North,Sedan,Dealer,180,102658680
2025-02-07,South,SUV,Dealer,171,123286041
2025-02-07,South,Hatchback,Dealer,206,202788460
2025-02-07,South,Sedan,Dealer,161,135514505
2025-02-07,East,SUV,Online,155,153740160
2025-02-07,East,Hatchback,Online,176,179517184
2025-02-07,East,Sedan,Dealer,148,139286352
2025-02-07,West,SUV,Online,238,267998710
2025-02-07,West,Hatchback,Dealer,251,297992220
2025-02-07,West,Sedan,Dealer,217,231728441
2025-02-08,North,SUV,Dealer,215,167683230
2025-02-08,North,Hatchback,Dealer,270,158396040
2025-02-08,North,Sedan,Dealer,194,198071090
2025-02-08,South,SUV,Dealer,200,183299000
2025-02-08,South,Hatchback,Dealer,199,158261914
2025-02-08,South,Sedan,Dealer,171,115602327
2025-02-08,East,SUV,Dealer,170,190842850
2025-02-08,East,Hatchback,Dealer,192,180533760
2025-02-08,East,Sedan,Online,139,150892840
2025-02-08,West,SUV,Online,214,177575702
2025-02-08,West,Hatchback,Dealer,275,233370225
2025-02-08,West,Sedan,Dealer,186,168479544
2025-02-09,North,SUV,Dealer,213,225286905
2025-02-09,North,Hatchback,Dealer,248,174178336
2025-02-09,North,Sedan,Dealer,168,154008120
2025-02-09,South,SUV,Dealer,198,141286266
2025-02-09,South,Hatchback,Dealer,241,164592878
2025-02-09,South,Sedan,Dealer,125,74040500
2025-02-09,East,SUV,Dealer,154,147916076
2025-02-09,East,Hatchback,Dealer,224,218715840
2025-02-09,East,Sedan,Dealer,133,113488767
2025-02-09,West,SUV,Dealer,224,218201088
2025-02-09,West,Hatchback,Dealer,285,188364480
2025-02-09,West,Sedan,Dealer,186,148082226
2025-02-10,North,SUV,Dealer,199,148363654
2025-02-10,North,Hatchback,Dealer,216,231024960
2025-02-10,North,Sedan,Dealer,170,86116900
2025-02-10,South,SUV,Dealer,196,195826540
2025-02-10,South,Hatchback,Dealer,209,209224884
2025-02-10,South,Sedan,Dealer,157,185033292
2025-02-10,East,SUV,Online,159,87182880
2025-02-10,East,Hatchback,Dealer,201,129976449
2025-02-10,East,Sedan,Dealer,137,135357507
2025-02-10,West,SUV,Dealer,227,211206248
2025-02-10,West,Hatchback,Dealer,258,201666216
2025-02-10,West,Sedan,Dealer,197,129637032
2025-02-11,North,SUV,Dealer,222,262530096
2025-02-11,North,Hatchback,Dealer,249,243613134
2025-02-11,North,Sedan,Online,168,176980104
2025-02-11,South,SUV,Dealer,194,104046274
2025-02-11,South,Hatchback,Dealer,215,192335345
2025-02-11,South,Sedan,Dealer,170,193703100
2025-02-11,East,SUV,Dealer,145,168847860
2025-02-11,East,Hatchback,Dealer,176,208856384
2025-02-11,East,Sedan,Dealer,125,72496625
2025-02-11,West,SUV,Dealer,205,195457045
2025-02-11,West,Hatchback,Dealer,322,247494030
2025-02-11,West,Sedan,Online,187,99362076
2025-02-12,North,SUV,Dealer,182,194941474
2025-02-12,North,Hatchback,Online,255,234646410
2025-02-12,North,Sedan,Dealer,168,107516304
2025-02-12,South,SUV,Online,185,197888395
2025-02-12,South,Hatchback,Dealer,208,132513472
2025-02-12,South,Sedan,Dealer,145,156890580
2025-02-12,East,SUV,Dealer,176,162663776
2025-02-12,East,Hatchback,Dealer,188,115581084
2025-02-12,East,Sedan,Dealer,120,90884160
2025-02-12,West,SUV,Dealer,239,161375429
2025-02-12,West,Hatchback,Online,302,187159970
2025-02-12,West,Sedan,Dealer,190,215129210
2025-02-13,North,SUV,Dealer,200,213391200
2025-02-13,North,Hatchback,Dealer,270,300372840
2025-02-13,North,Sedan,Dealer,173,125452680
2025-02-13,South,SUV,Dealer,180,183959640
2025-02-13,South,Hatchback,Dealer,237,241438299
2025-02-13,South,Sedan,Dealer,145,106227145
2025-02-13,East,SUV,Dealer,178,165480726
2025-02-13,East,Hatchback,Online,184,146866040
2025-02-13,East,Sedan,Dealer,126,126147924
2025-02-13,West,SUV,Dealer,231,160601826
2025-02-13,West,Hatchback,Dealer,273,149905392
2025-02-13,West,Sedan,Dealer,203,115382764
2025-02-14,North,SUV,Dealer,221,123316453
2025-02-14,North,Hatchback,Dealer,286,271986000
2025-02-14,North,Sedan,Dealer,160,127048640
2025-02-14,South,SUV,Dealer,204,141476040
2025-02-14,South,Hatchback,Dealer,225,179108325
2025-02-14,South,Sedan,Dealer,168,200741856
2025-02-14,East,SUV,Dealer,153,138208266
2025-02-14,East,Hatchback,Dealer,182,159712098
2025-02-14,East,Sedan,Dealer,142,136494234
2025-02-14,West,SUV,Online,239,274847849
2025-02-14,West,Hatchback,Dealer,281,279299388
2025-02-14,West,Sedan,Dealer,219,240540183
2025-02-15,North,SUV,Dealer,232,233305928
2025-02-15,North,Hatchback,Dealer,259,299409439
2025-02-15,North,Sedan,Dealer,157,114930437
2025-02-15,South,SUV,Dealer,189,118121598
2025-02-15,South,Hatchback,Dealer,239,160360157
2025-02-15,South,Sedan,Dealer,131,78408740
2025-02-15,East,SUV,Online,174,90262848
2025-02-15,East,Hatchback,Dealer,209,244269795
2025-02-15,East,Sedan,Dealer,137,84935616
2025-02-15,West,SUV,Dealer,220,112353780
2025-02-15,West,Hatchback,Dealer,258,161116098
2025-02-15,West,Sedan,Online,174,184417902
2025-02-16,North,SUV,Dealer,179,96313993
2025-02-16,North,Hatchback,Dealer,260,134698980
2025-02-16,North,Sedan,Dealer,185,201601530
2025-02-16,South,SUV,Dealer,180,172409040
2025-02-16,South,Hatchback,Dealer,182,143290966
2025-02-16,South,Sedan,Dealer,150,103755450
2025-02-16,East,SUV,Dealer,151,119877994
2025-02-16,East,Hatchback,Dealer,204,197271264
2025-02-16,East,Sedan,Online,145,138758620
2025-02-16,West,SUV,Dealer,226,258371110
2025-02-16,West,Hatchback,Dealer,267,317905686
2025-02-16,West,Sedan,Dealer,201,215972088
2025-02-17,North,SUV,Dealer,206,106573482
2025-02-17,North,Hatchback,Dealer,237,252261852
2025-02-17,North,Sedan,Online,171,121157604
2025-02-17,South,SUV,Dealer,187,196811329
2025-02-17,South,Hatchback,Dealer,224,217522368
2025-02-17,South,Sedan,Dealer,138,101368590
2025-02-17,East,SUV,Dealer,179,191028979
2025-02-17,East,Hatchback,Dealer,167,125332999
2025-02-17,East,Sedan,Dealer,144,94478976
2025-02-17,West,SUV,Dealer,245,133509320
2025-02-17,West,Hatchback,Dealer,269,171481582
2025-02-17,West,Sedan,Dealer,176,115167888
2025-02-18,North,SUV,Dealer,187,173421369
2025-02-18,North,Hatchback,Dealer,262,262139122
2025-02-18,North,Sedan,Online,179,167487436
2025-02-18,South,SUV,Dealer,190,158340870
2025-02-18,South,Hatchback,Dealer,225,252931725
2025-02-18,South,Sedan,Dealer,117,116726220
2025-02-18,East,SUV,Dealer,161,179371066
2025-02-18,East,Hatchback,Dealer,195,143171535
2025-02-18,East,Sedan,Dealer,126,146273652
2025-02-18,West,SUV,Dealer,230,128898440
2025-02-18,West,Hatchback,Dealer,260,250522220
2025-02-18,West,Sedan,Online,187,146713468
2025-02-19,North,SUV,Online,206,232454314
2025-02-19,North,Hatchback,Dealer,239,191111809
2025-02-19,North,Sedan,Dealer,137,103647761
2025-02-19,South,SUV,Online,173,152154192
2025-02-19,South,Hatchback,Online,209,235932576
2025-02-19,South,Sedan,Dealer,165,83099115
2025-02-19,East,SUV,Dealer,160,142380480
2025-02-19,East,Hatchback,Dealer,211,194503598
2025-02-19,East,Sedan,Online,140,128610580
2025-02-19,West,SUV,Online,221,233022179
2025-02-19,West,Hatchback,Dealer,265,218111960
2025-02-19,West,Sedan,Dealer,186,172875840
2025-02-20,North,SUV,Online,186,167973252
2025-02-20,North,Hatchback,Dealer,238,273631932
2025-02-20,North,Sedan,Dealer,190,220551810
2025-02-20,South,SUV,Dealer,190,175082340
2025-02-20,South,Hatchback,Dealer,229,216491333
2025-02-20,South,Sedan,Dealer,169,119725008
2025-02-20,East,SUV,Dealer,158,153458448
2025-02-20,East,Hatchback,Online,196,150734584
2025-02-20,East,Sedan,Dealer,125,102738625
2025-02-20,West,SUV,Dealer,238,253079442
2025-02-20,West,Hatchback,Dealer,283,183377491
2025-02-20,West,Sedan,Dealer,203,193153485
2025-02-21,North,SUV,Dealer,203,139088495
2025-02-21,North,Hatchback,Dealer,241,272262520
2025-02-21,North,Sedan,Dealer,177,103382160
2025-02-21,South,SUV,Dealer,177,102269538
2025-02-21,South,Hatchback,Online,231,245306061
2025-02-21,South,Sedan,Dealer,144,99060624
2025-02-21,East,SUV,Dealer,167,195378477
2025-02-21,East,Hatchback,Dealer,221,210205697
2025-02-21,East,Sedan,Dealer,139,81378523
2025-02-21,West,SUV,Dealer,199,227563266
2025-02-21,West,Hatchback,Online,274,185650892
2025-02-21,West,Sedan,Dealer,195,211007940
2025-02-22,North,SUV,Dealer,219,226225686
2025-02-22,North,Hatchback,Dealer,265,224224450
2025-02-22,North,Sedan,Dealer,174,188047890
2025-02-22,South,SUV,Dealer,167,177956703
2025-02-22,South,Hatchback,Online,228,214977096
2025-02-22,South,Sedan,Dealer,161,119919079
2025-02-22,East,SUV,Dealer,167,182421448
2025-02-22,East,Hatchback,Online,210,250339950
2025-02-22,East,Sedan,Dealer,158,89695810
2025-02-22,West,SUV,Dealer,239,147519165
2025-02-22,West,Hatchback,Dealer,278,331156658
2025-02-22,West,Sedan,Dealer,191,167672979
2025-02-23,North,SUV,Dealer,218,259880198
2025-02-23,North,Hatchback,Online,269,254892833
2025-02-23,North,Sedan,Dealer,198,121752972
2025-02-23,South,SUV,Dealer,174,105077208
2025-02-23,South,Hatchback,Online,214,169040740
2025-02-23,South,Sedan,Dealer,143,132886468
2025-02-23,East,SUV,Dealer,163,125312281
2025-02-23,East,Hatchback,Dealer,187,113897773
2025-02-23,East,Sedan,Dealer,125,115243375
2025-02-23,West,SUV,Dealer,237,134835462
2025-02-23,West,Hatchback,Dealer,272,177585808
2025-02-23,West,Sedan,Online,180,121501080
2025-02-24,North,SUV,Dealer,172,132029436
2025-02-24,North,Hatchback,Dealer,258,148674048
2025-02-24,North,Sedan,Dealer,179,141325870
2025-02-24,South,SUV,Dealer,159,84872133
2025-02-24,South,Hatchback,Dealer,226,183501830
2025-02-24,South,Sedan,Dealer,133,135193702
2025-02-24,East,SUV,Online,156,141599328
2025-02-24,East,Hatchback,Dealer,214,158018456
2025-02-24,East,Sedan,Dealer,113,92249132
2025-02-24,West,SUV,Online,207,207330579
2025-02-24,West,Hatchback,Dealer,277,306945916
2025-02-24,West,Sedan,Online,160,93339040
2025-02-25,North,SUV,Dealer,198,152488314
2025-02-25,North,Hatchback,Dealer,233,269687248
2025-02-25,North,Sedan,Dealer,174,137172030
2025-02-25,South,SUV,Online,184,215360592
2025-02-25,South,Hatchback,Dealer,221,235831089
2025-02-25,South,Sedan,Dealer,152,158286264
2025-02-25,East,SUV,Online,167,181480904
2025-02-25,East,Hatchback,Dealer,189,184088457
2025-02-25,East,Sedan,Dealer,120,68879640
2025-02-25,West,SUV,Dealer,210,207227790
2025-02-25,West,Hatchback,Dealer,297,316628136
2025-02-25,West,Sedan,Dealer,183,180999078
2025-02-26,North,SUV,Dealer,170,154275850
2025-02-26,North,Hatchback,Dealer,266,150744062
2025-02-26,North,Sedan,Dealer,168,150486840
2025-02-26,South,SUV,Dealer,193,227359597
2025-02-26,South,Hatchback,Dealer,203,227669981
2025-02-26,South,Sedan,Online,158,150246940
2025-02-26,East,SUV,Dealer,137,116817160
2025-02-26,East,Hatchback,Dealer,215,141979980
2025-02-26,East,Sedan,Dealer,144,101734128
2025-02-26,West,SUV,Dealer,218,139213274
2025-02-26,West,Hatchback,Dealer,296,161388672
2025-02-26,West,Sedan,Dealer,190,154434470
2025-02-27,North,SUV,Dealer,188,208256060
2025-02-27,North,Hatchback,Dealer,252,154141344
2025-02-27,North,Sedan,Dealer,137,124141180
2025-02-27,South,SUV,Dealer,164,124416140
2025-02-27,South,Hatchback,Online,240,131706480
2025-02-27,South,Sedan,Dealer,150,103605900
2025-02-27,East,SUV,Dealer,152,177563208
2025-02-27,East,Hatchback,Dealer,186,192244206
2025-02-27,East,Sedan,Dealer,113,126645428
2025-02-27,West,SUV,Dealer,226,231665594
2025-02-27,West,Hatchback,Dealer,279,187218207
2025-02-27,West,Sedan,Dealer,187,112277979
2025-02-28,North,SUV,Dealer,220,230545920
2025-02-28,North,Hatchback,Dealer,251,130183158
2025-02-28,North,Sedan,Dealer,188,133498236
2025-02-28,South,SUV,Online,187,217333644
2025-02-28,South,Hatchback,Dealer,221,137633275
2025-02-28,South,Sedan,Dealer,128,150676480
2025-02-28,East,SUV,Online,179,120273322
2025-02-28,East,Hatchback,Dealer,206,164827810
2025-02-28,East,Sedan,Dealer,165,95742405
2025-02-28,West,SUV,Dealer,197,99786410
2025-02-28,West,Hatchback,Dealer,313,348486375
2025-02-28,West,Sedan,Dealer,190,148050850
2025-03-01,North,SUV,Dealer,192,171994944
2025-03-01,North,Hatchback,Dealer,131,110410599
2025-03-01,North,Sedan,Dealer,134,135743608
2025-03-01,South,SUV,Dealer,144,164640960
2025-03-01,South,Hatchback,Dealer,115,103640300
2025-03-01,South,Sedan,Dealer,122,90276096
2025-03-01,East,SUV,Dealer,118,120261470
2025-03-01,East,Hatchback,Dealer,124,145129104
2025-03-01,East,Sedan,Dealer,112,129472560
2025-03-01,West,SUV,Online,171,189147033
2025-03-01,West,Hatchback,Dealer,165,150497160
2025-03-01,West,Sedan,Online,157,126926493
2025-03-02,North,SUV,Dealer,162,150551784
2025-03-02,North,Hatchback,Dealer,163,96390539
2025-03-02,North,Sedan,Dealer,126,85197168
2025-03-02,South,SUV,Dealer,134,123578150
2025-03-02,South,Hatchback,Dealer,146,123180346
2025-03-02,South,Sedan,Dealer,139,95491193
2025-03-02,East,SUV,Dealer,126,86831514
2025-03-02,East,Hatchback,Dealer,117,130134069
2025-03-02,East,Sedan,Dealer,98,81304524
2025-03-02,West,SUV,Dealer,178,95861366
2025-03-02,West,Hatchback,Dealer,153,115697070
2025-03-02,West,Sedan,Dealer,157,169460305
2025-03-03,North,SUV,Online,183,125600037
2025-03-03,North,Hatchback,Dealer,140,83817440
2025-03-03,North,Sedan,Dealer,116,96871368
2025-03-03,South,SUV,Dealer,152,164630896
2025-03-03,South,Hatchback,Dealer,103,78774709
2025-03-03,South,Sedan,Dealer,82,51372836
2025-03-03,East,SUV,Dealer,124,79303456
2025-03-03,East,Hatchback,Online,137,112867861
2025-03-03,East,Sedan,Online,115,116804695
2025-03-03,West,SUV,Dealer,168,124154856
2025-03-03,West,Hatchback,Online,175,135815925
2025-03-03,West,Sedan,Dealer,177,109070763
2025-03-04,North,SUV,Dealer,139,147133724
2025-03-04,North,Hatchback,Dealer,144,133181424
2025-03-04,North,Sedan,Dealer,135,146960325
2025-03-04,South,SUV,Dealer,131,77948668
2025-03-04,South,Hatchback,Dealer,144,101150640
2025-03-04,South,Sedan,Online,104,70845944
2025-03-04,East,SUV,Dealer,140,78833300
2025-03-04,East,Hatchback,Dealer,141,138169566
2025-03-04,East,Sedan,Dealer,97,66481666
2025-03-04,West,SUV,Online,187,172485247
2025-03-04,West,Hatchback,Dealer,149,122297263
2025-03-04,West,Sedan,Dealer,146,131555782
2025-03-05,North,SUV,Online,176,142916048
2025-03-05,North,Hatchback,Dealer,155,152303620
2025-03-05,North,Sedan,Dealer,117,73452015
2025-03-05,South,SUV,Online,138,161449926
2025-03-05,South,Hatchback,Dealer,150,157963650
2025-03-05,South,Sedan,Dealer,112,104895952
2025-03-05,East,SUV,Dealer,122,126316482
2025-03-05,East,Hatchback,Dealer,79,68133945
2025-03-05,East,Sedan,Dealer,105,84442470
2025-03-05,West,SUV,Dealer,200,205309800
2025-03-05,West,Hatchback,Dealer,154,178599652
2025-03-05,West,Sedan,Online,113,133836409
2025-03-06,North,SUV,Dealer,158,114822866
2025-03-06,North,Hatchback,Dealer,116,81480256
2025-03-06,North,Sedan,Dealer,129,117382260
2025-03-06,South,SUV,Dealer,129,66704223
2025-03-06,South,Hatchback,Online,134,91391216
2025-03-06,South,Sedan,Dealer,114,124799904
2025-03-06,East,SUV,Dealer,121,106085782
2025-03-06,East,Hatchback,Dealer,103,107773226
2025-03-06,East,Sedan,Dealer,99,68558688
2025-03-06,West,SUV,Dealer,165,170362170
2025-03-06,West,Hatchback,Dealer,164,115324144
2025-03-06,West,Sedan,Dealer,153,115870572
2025-03-07,North,SUV,Dealer,173,109825936
2025-03-07,North,Hatchback,Dealer,156,122541276
2025-03-07,North,Sedan,Dealer,150,118070850
2025-03-07,South,SUV,Dealer,149,157765670
2025-03-07,South,Hatchback,Dealer,126,118140750
2025-03-07,South,Sedan,Online,118,107095856
2025-03-07,East,SUV,Online,144,136060560
2025-03-07,East,Hatchback,Dealer,133,100541084
2025-03-07,East,Sedan,Dealer,115,69672520
2025-03-07,West,SUV,Dealer,178,162470390
2025-03-07,West,Hatchback,Dealer,164,194916296
2025-03-07,West,Sedan,Online,171,120221037
2025-03-08,North,SUV,Dealer,166,170410620
2025-03-08,North,Hatchback,Dealer,176,126891072
2025-03-08,North,Sedan,Dealer,131,106467237
2025-03-08,South,SUV,Dealer,118,132680498
2025-03-08,South,Hatchback,Dealer,124,90705504
2025-03-08,South,Sedan,Dealer,133,141021895
2025-03-08,East,SUV,Dealer,112,119173152
2025-03-08,East,Hatchback,Online,83,48329157
2025-03-08,East,Sedan,Dealer,104,70387824
2025-03-08,West,SUV,Dealer,170,158749230
2025-03-08,West,Hatchback,Dealer,146,108828984
2025-03-08,West,Sedan,Dealer,139,71904283
2025-03-09,North,SUV,Dealer,153,103821210
2025-03-09,North,Hatchback,Online,144,145401552
2025-03-09,North,Sedan,Online,152,169611176
2025-03-09,South,SUV,Dealer,142,158944576
2025-03-09,South,Hatchback,Dealer,111,114539235
2025-03-09,South,Sedan,Dealer,118,82977482
2025-03-09,East,SUV,Dealer,102,90076200
2025-03-09,East,Hatchback,Dealer,102,64590582
2025-03-09,East,Sedan,Dealer,103,67387235
2025-03-09,West,SUV,Dealer,178,125088966
2025-03-09,West,Hatchback,Dealer,163,135827737
2025-03-09,West,Sedan,Dealer,134,89464698
2025-03-10,North,SUV,Dealer,143,71836336
2025-03-10,North,Hatchback,Dealer,150,154926600
2025-03-10,North,Sedan,Online,131,114535003
2025-03-10,South,SUV,Dealer,158,98917480
2025-03-10,South,Hatchback,Online,126,121872618
2025-03-10,South,Sedan,Dealer,109,124685863
2025-03-10,East,SUV,Dealer,110,116826600
2025-03-10,East,Hatchback,Dealer,119,125074950
2025-03-10,East,Sedan,Dealer,115,114272165
2025-03-10,West,SUV,Dealer,188,127044196
2025-03-10,West,Hatchback,Online,154,178126718
2025-03-10,West,Sedan,Online,127,93951933
2025-03-11,North,SUV,Dealer,165,150613815
2025-03-11,North,Hatchback,Dealer,132,71912148
2025-03-11,North,Sedan,Dealer,138,147713406
2025-03-11,South,SUV,Online,135,89202735
2025-03-11,South,Hatchback,Dealer,126,79424226
2025-03-11,South,Sedan,Dealer,99,58912029
2025-03-11,East,SUV,Dealer,125,115160000
2025-03-11,East,Hatchback,Dealer,86,65755428
2025-03-11,East,Sedan,Dealer,73,77444313
2025-03-11,West,SUV,Dealer,222,136222086
2025-03-11,West,Hatchback,Dealer,192,176949888
2025-03-11,West,Sedan,Online,128,83273600
2025-03-12,North,SUV,Dealer,140,159000660
2025-03-12,North,Hatchback,Dealer,162,134487540
2025-03-12,North,Sedan,Dealer,147,110231919
2025-03-12,South,SUV,Online,152,109101040
2025-03-12,South,Hatchback,Online,162,131753790
2025-03-12,South,Sedan,Dealer,123,143578392
2025-03-12,East,SUV,Dealer,140,142329180
2025-03-12,East,Hatchback,Dealer,123,101938464
2025-03-12,East,Sedan,Dealer,96,68853888
2025-03-12,West,SUV,Online,178,183759368
2025-03-12,West,Hatchback,Dealer,163,139674374
2025-03-12,West,Sedan,Dealer,148,124202784
2025-03-13,North,SUV,Dealer,175,150930850
2025-03-13,North,Hatchback,Dealer,131,98173365
2025-03-13,North,Sedan,Dealer,106,116133600
2025-03-13,South,SUV,Dealer,143,121832711
2025-03-13,South,Hatchback,Dealer,111,126592503
2025-03-13,South,Sedan,Dealer,115,118983370
2025-03-13,East,SUV,Online,122,79140668
2025-03-13,East,Hatchback,Dealer,131,106799191
2025-03-13,East,Sedan,Dealer,106,122347744
2025-03-13,West,SUV,Dealer,170,105783860
2025-03-13,West,Hatchback,Dealer,148,115249080
2025-03-13,West,Sedan,Dealer,151,160455771
2025-03-14,North,SUV,Dealer,164,172121772
2025-03-14,North,Hatchback,Dealer,167,110719831
2025-03-14,North,Sedan,Dealer,141,77000241
2025-03-14,South,SUV,Dealer,147,124416537
2025-03-14,South,Hatchback,Dealer,117,115482510
2025-03-14,South,Sedan,Dealer,130,152231170
2025-03-14,East,SUV,Dealer,118,114787922
2025-03-14,East,Hatchback,Dealer,118,127266068
2025-03-14,East,Sedan,Online,115,64693365
2025-03-14,West,SUV,Dealer,189,222604200
2025-03-14,West,Hatchback,Dealer,163,146538467
2025-03-14,West,Sedan,Online,130,128710790
2025-03-15,North,SUV,Dealer,159,158985531
2025-03-15,North,Hatchback,Dealer,157,140021706
2025-03-15,North,Sedan,Online,133,148482530
2025-03-15,South,SUV,Dealer,170,133555740
2025-03-15,South,Hatchback,Dealer,136,141393760
2025-03-15,South,Sedan,Dealer,104,105197144
2025-03-15,East,SUV,Dealer,127,140035788
2025-03-15,East,Hatchback,Dealer,118,90622348
2025-03-15,East,Sedan,Dealer,103,57121225
2025-03-15,West,SUV,Dealer,168,154360920
2025-03-15,West,Hatchback,Dealer,139,102230191
2025-03-15,West,Sedan,Online,143,138400405
2025-03-16,North,SUV,Online,164,100321260
2025-03-16,North,Hatchback,Dealer,128,107976576
2025-03-16,North,Sedan,Dealer,140,74868220
2025-03-16,South,SUV,Dealer,149,124942460
2025-03-16,South,Hatchback,Dealer,127,141627225
2025-03-16,South,Sedan,Dealer,110,89047310
2025-03-16,East,SUV,Online,121,98794080
2025-03-16,East,Hatchback,Dealer,145,107429195
2025-03-16,East,Sedan,Dealer,120,76963800
2025-03-16,West,SUV,Dealer,183,102938781
2025-03-16,West,Hatchback,Dealer,144,152769168
2025-03-16,West,Sedan,Online,158,147413210
2025-03-17,North,SUV,Dealer,171,139583025
2025-03-17,North,Hatchback,Dealer,143,145407405
2025-03-17,North,Sedan,Dealer,155,134022610
2025-03-17,South,SUV,Dealer,132,110666688
2025-03-17,South,Hatchback,Dealer,125,99071875
2025-03-17,South,Sedan,Dealer,119,66086650
2025-03-17,East,SUV,Dealer,107,114585765
2025-03-17,East,Hatchback,Online,93,63351228
2025-03-17,East,Sedan,Dealer,107,100692136
2025-03-17,West,SUV,Dealer,179,138447908
2025-03-17,West,Hatchback,Dealer,154,158079768
2025-03-17,West,Sedan,Dealer,143,78997204
2025-03-18,North,SUV,Online,151,92444767
2025-03-18,North,Hatchback,Dealer,147,165113634
2025-03-18,North,Sedan,Dealer,134,137136404
2025-03-18,South,SUV,Dealer,143,116054939
2025-03-18,South,Hatchback,Dealer,118,99047312
2025-03-18,South,Sedan,Dealer,108,87330636
2025-03-18,East,SUV,Dealer,139,106911850
2025-03-18,East,Hatchback,Online,116,127426696
2025-03-18,East,Sedan,Dealer,103,107972531
2025-03-18,West,SUV,Dealer,181,93937190
2025-03-18,West,Hatchback,Dealer,177,110612964
2025-03-18,West,Sedan,Dealer,162,99306000
2025-03-19,North,SUV,Online,137,136337468
2025-03-19,North,Hatchback,Dealer,150,172926750
2025-03-19,North,Sedan,Dealer,147,156936759
2025-03-19,South,SUV,Dealer,131,112450662
2025-03-19,South,Hatchback,Online,107,68467481
2025-03-19,South,Sedan,Dealer,113,109070538
2025-03-19,East,SUV,Dealer,119,62871032
2025-03-19,East,Hatchback,Dealer,124,69345016
2025-03-19,East,Sedan,Dealer,113,94735245
2025-03-19,West,SUV,Dealer,173,101581794
2025-03-19,West,Hatchback,Online,148,117838784
2025-03-19,West,Sedan,Online,166,94359546
2025-03-20,North,SUV,Dealer,151,136113665
2025-03-20,North,Hatchback,Dealer,155,94718330
2025-03-20,North,Sedan,Dealer,156,174419076
2025-03-20,South,SUV,Dealer,137,136972189
2025-03-20,South,Hatchback,Online,135,86295645
2025-03-20,South,Sedan,Online,125,149017125
2025-03-20,East,SUV,Dealer,127,150212171
2025-03-20,East,Hatchback,Dealer,95,95251560
2025-03-20,East,Sedan,Dealer,157,148646030
2025-03-20,West,SUV,Dealer,153,158119227
2025-03-20,West,Hatchback,Dealer,135,73674900
2025-03-20,West,Sedan,Dealer,139,134683633
2025-03-21,North,SUV,Dealer,178,193578560
2025-03-21,North,Hatchback,Online,143,87586356
2025-03-21,North,Sedan,Dealer,122,72142016
2025-03-21,South,SUV,Dealer,151,121631255
2025-03-21,South,Hatchback,Dealer,123,109441710
2025-03-21,South,Sedan,Dealer,95,52232140
2025-03-21,East,SUV,Dealer,114,68286342
2025-03-21,East,Hatchback,Online,130,146755570
2025-03-21,East,Sedan,Online,126,72399726
2025-03-21,West,SUV,Dealer,169,136890169
2025-03-21,West,Hatchback,Dealer,142,84252860
2025-03-21,West,Sedan,Dealer,151,136969835
2025-03-22,North,SUV,Online,161,137437006
2025-03-22,North,Hatchback,Dealer,158,168962514
2025-03-22,North,Sedan,Dealer,148,114392012
2025-03-22,South,SUV,Online,151,97809495
2025-03-22,South,Hatchback,Dealer,102,95584200
2025-03-22,South,Sedan,Dealer,121,96701748
2025-03-22,East,SUV,Dealer,116,118183468
2025-03-22,East,Hatchback,Dealer,116,98277520
2025-03-22,East,Sedan,Dealer,115,75628140
2025-03-22,West,SUV,Dealer,158,87058158
2025-03-22,West,Hatchback,Dealer,178,187682132
2025-03-22,West,Sedan,Dealer,131,128705928
2025-03-23,North,SUV,Dealer,183,190205808
2025-03-23,North,Hatchback,Dealer,122,94203276
2025-03-23,North,Sedan,Dealer,108,61461396
2025-03-23,South,SUV,Dealer,142,155157152
2025-03-23,South,Hatchback,Dealer,144,92473920
2025-03-23,South,Sedan,Dealer,102,95464656
2025-03-23,East,SUV,Dealer,125,110524125
2025-03-23,East,Hatchback,Dealer,122,108399196
2025-03-23,East,Sedan,Online,108,114216912
2025-03-23,West,SUV,Dealer,182,204978592
2025-03-23,West,Hatchback,Online,170,157806920
2025-03-23,West,Sedan,Dealer,129,103672656
2025-03-24,North,SUV,Dealer,170,192048660
2025-03-24,North,Hatchback,Dealer,149,126238015
2025-03-24,North,Sedan,Dealer,123,86291142
2025-03-24,South,SUV,Dealer,162,161191620
2025-03-24,South,Hatchback,Dealer,105,69198570
2025-03-24,South,Sedan,Dealer,111,121525131
2025-03-24,East,SUV,Dealer,153,136721565
2025-03-24,East,Hatchback,Online,116,101621452
2025-03-24,East,Sedan,Online,72,74107728
2025-03-24,West,SUV,Dealer,191,133764749
2025-03-24,West,Hatchback,Dealer,138,71687826
2025-03-24,West,Sedan,Dealer,161,115446660
2025-03-25,North,SUV,Online,167,151152535
2025-03-25,North,Hatchback,Dealer,145,123069330
2025-03-25,North,Sedan,Dealer,124,140213248
2025-03-25,South,SUV,Dealer,132,85886196
2025-03-25,South,Hatchback,Dealer,123,96148608
2025-03-25,South,Sedan,Dealer,97,71335643
2025-03-25,East,SUV,Dealer,118,130534668
2025-03-25,East,Hatchback,Dealer,90,79640100
2025-03-25,East,Sedan,Dealer,113,120967404
2025-03-25,West,SUV,Dealer,173,152113710
2025-03-25,West,Hatchback,Dealer,155,96461460
2025-03-25,West,Sedan,Dealer,126,74228616
2025-03-26,North,SUV,Dealer,161,117461897
2025-03-26,North,Hatchback,Online,143,85164508
2025-03-26,North,Sedan,Dealer,114,131414070
2025-03-26,South,SUV,Dealer,143,125930662
2025-03-26,South,Hatchback,Dealer,131,138385256
2025-03-26,South,Sedan,Dealer,106,91804586
2025-03-26,East,SUV,Dealer,129,131857866
2025-03-26,East,Hatchback,Online,116,129823024
2025-03-26,East,Sedan,Dealer,103,57869726
2025-03-26,West,SUV,Dealer,164,129417976
2025-03-26,West,Hatchback,Dealer,181,215366470
2025-03-26,West,Sedan,Dealer,160,81977600
2025-03-27,North,SUV,Dealer,137,127434523
2025-03-27,North,Hatchback,Online,161,125714113
2025-03-27,North,Sedan,Dealer,142,122364098
2025-03-27,South,SUV,Dealer,145,84735245
2025-03-27,South,Hatchback,Online,125,149676375
2025-03-27,South,Sedan,Online,116,87358556
2025-03-27,East,SUV,Dealer,137,104700469
2025-03-27,East,Hatchback,Dealer,102,93591834
2025-03-27,East,Sedan,Dealer,104,118642576
2025-03-27,West,SUV,Online,207,189009630
2025-03-27,West,Hatchback,Dealer,164,103893672
2025-03-27,West,Sedan,Online,150,88501350
2025-03-28,North,SUV,Dealer,165,97544040
2025-03-28,North,Hatchback,Dealer,125,107000875
2025-03-28,North,Sedan,Dealer,119,65813307
2025-03-28,South,SUV,Dealer,112,65670752
2025-03-28,South,Hatchback,Dealer,106,125239954
2025-03-28,South,Sedan,Online,100,89849900
2025-03-28,East,SUV,Dealer,105,90556305
2025-03-28,East,Hatchback,Online,118,122058138
2025-03-28,East,Sedan,Online,119,62266512
2025-03-28,West,SUV,Dealer,164,193442920
2025-03-28,West,Hatchback,Online,149,127241977
2025-03-28,West,Sedan,Dealer,125,113934125
2025-03-29,North,SUV,Dealer,193,173251082
2025-03-29,North,Hatchback,Dealer,136,153887400
2025-03-29,North,Sedan,Dealer,164,82929552
2025-03-29,South,SUV,Dealer,128,83902592
2025-03-29,South,Hatchback,Dealer,135,79492725
2025-03-29,South,Sedan,Dealer,137,163914198
2025-03-29,East,SUV,Dealer,138,88094784
2025-03-29,East,Hatchback,Dealer,115,59025015
2025-03-29,East,Sedan,Dealer,116,89992336
2025-03-29,West,SUV,Dealer,173,194559952
2025-03-29,West,Hatchback,Online,172,204816912
2025-03-29,West,Sedan,Dealer,151,176868414
2025-03-30,North,SUV,Dealer,146,143910302
2025-03-30,North,Hatchback,Dealer,131,121311764
2025-03-30,North,Sedan,Dealer,141,120389607
2025-03-30,South,SUV,Dealer,148,86026036
2025-03-30,South,Hatchback,Dealer,117,135193032
2025-03-30,South,Sedan,Dealer,100,55950000
2025-03-30,East,SUV,Online,131,121315170
2025-03-30,East,Hatchback,Dealer,111,113520810
2025-03-30,East,Sedan,Dealer,102,70473840
2025-03-30,West,SUV,Dealer,174,132908856
2025-03-30,West,Hatchback,Dealer,149,150423099
2025-03-30,West,Sedan,Dealer,168,84927360
2025-03-31,North,SUV,Dealer,162,168357366
2025-03-31,North,Hatchback,Dealer,164,159374708
2025-03-31,North,Sedan,Dealer,130,77997010
2025-03-31,South,SUV,Dealer,146,143582532
2025-03-31,South,Hatchback,Dealer,165,163979310
2025-03-31,South,Sedan,Dealer,123,73480938
2025-03-31,East,SUV,Dealer,141,72690294
2025-03-31,East,Hatchback,Dealer,147,155909376
2025-03-31,East,Sedan,Dealer,121,93264864
2025-03-31,West,SUV,Dealer,191,226413119
2025-03-31,West,Hatchback,Online,165,106141035
2025-03-31,West,Sedan,Dealer,160,144642400
2025-04-01,North,SUV,Online,201,117506007
2025-04-01,North,Hatchback,Dealer,177,147589680
2025-04-01,North,Sedan,Dealer,185,122299985
2025-04-01,South,SUV,Dealer,176,150141376
2025-04-01,South,Hatchback,Dealer,180,206535240
2025-04-01,South,Sedan,Online,154,163922220
2025-04-01,East,SUV,Dealer,172,171211036
2025-04-01,East,Hatchback,Dealer,134,73945354
2025-04-01,East,Sedan,Dealer,150,118378800
2025-04-01,West,SUV,Dealer,223,238217966
2025-04-01,West,Hatchback,Online,221,150474922
2025-04-01,West,Sedan,Dealer,234,118168596
2025-04-02,North,SUV,Online,233,244061209
2025-04-02,North,Hatchback,Dealer,173,163480675
2025-04-02,North,Sedan,Dealer,172,147069288
2025-04-02,South,SUV,Online,171,120920769
2025-04-02,South,Hatchback,Dealer,170,113562890
2025-04-02,South,Sedan,Online,150,141745800
2025-04-02,East,SUV,Dealer,160,87215200
2025-04-02,East,Hatchback,Dealer,139,145435422
2025-04-02,East,Sedan,Dealer,133,117448443
2025-04-02,West,SUV,Online,219,239395470
2025-04-02,West,Hatchback,Online,200,231206000
2025-04-02,West,Sedan,Dealer,203,192612084
2025-04-03,North,SUV,Dealer,208,144723072
2025-04-03,North,Hatchback,Dealer,181,150432539
2025-04-03,North,Sedan,Dealer,173,97567156
2025-04-03,South,SUV,Dealer,201,187778019
2025-04-03,South,Hatchback,Dealer,158,98449642
2025-04-03,South,Sedan,Dealer,142,86470048
2025-04-03,East,SUV,Online,143,153038743
2025-04-03,East,Hatchback,Dealer,178,197950952
2025-04-03,East,Sedan,Dealer,133,117062876
2025-04-03,West,SUV,Dealer,206,196555106
2025-04-03,West,Hatchback,Online,212,148026244
2025-04-03,West,Sedan,Dealer,169,191861306
2025-04-04,North,SUV,Online,210,115399620
2025-04-04,North,Hatchback,Online,182,158957526
2025-04-04,North,Sedan,Dealer,195,137933640
2025-04-04,South,SUV,Dealer,147,138928671
2025-04-04,South,Hatchback,Dealer,167,89682173
2025-04-04,South,Sedan,Dealer,127,138356467
2025-04-04,East,SUV,Dealer,139,131412546
2025-04-04,East,Hatchback,Dealer,157,155861750
2025-04-04,East,Sedan,Dealer,124,65216436
2025-04-04,West,SUV,Dealer,233,152367787
2025-04-04,West,Hatchback,Dealer,199,146482706
2025-04-04,West,Sedan,Online,186,121263816
2025-04-05,North,SUV,Dealer,213,197381349
2025-04-05,North,Hatchback,Online,206,129412496
2025-04-05,North,Sedan,Dealer,167,142310052
2025-04-05,South,SUV,Online,190,114470440
2025-04-05,South,Hatchback,Dealer,157,106984353
2025-04-05,South,Sedan,Online,159,156881325
2025-04-05,East,SUV,Dealer,198,162945882
2025-04-05,East,Hatchback,Dealer,130,126028500
2025-04-05,East,Sedan,Dealer,140,90356840
2025-04-05,West,SUV,Dealer,246,212371308
2025-04-05,West,Hatchback,Online,190,157196500
2025-04-05,West,Sedan,Dealer,204,225923064
2025-04-06,North,SUV,Dealer,205,122260565
2025-04-06,North,Hatchback,Dealer,199,218001316
2025-04-06,North,Sedan,Dealer,199,159596806
2025-04-06,South,SUV,Dealer,172,195735828
2025-04-06,South,Hatchback,Online,170,119272680
2025-04-06,South,Sedan,Dealer,118,140532690
2025-04-06,East,SUV,Dealer,160,176648960
2025-04-06,East,Hatchback,Dealer,165,130853580
2025-04-06,East,Sedan,Online,119,80758874
2025-04-06,West,SUV,Dealer,247,178364381
2025-04-06,West,Hatchback,Dealer,222,246134286
2025-04-06,West,Sedan,Dealer,203,109438112
2025-04-07,North,SUV,Dealer,201,131562942
2025-04-07,North,Hatchback,Dealer,217,121481157
2025-04-07,North,Sedan,Dealer,195,114425025
2025-04-07,South,SUV,Online,192,222717504
2025-04-07,South,Hatchback,Online,150,95442750
2025-04-07,South,Sedan,Dealer,195,120226275
2025-04-07,East,SUV,Dealer,167,145331750
2025-04-07,East,Hatchback,Dealer,145,127703530
2025-04-07,East,Sedan,Online,133,119465521
2025-04-07,West,SUV,Online,218,205956590
2025-04-07,West,Hatchback,Dealer,211,150982738
2025-04-07,West,Sedan,Online,199,195872118
2025-04-08,North,SUV,Online,216,240286824
2025-04-08,North,Hatchback,Dealer,177,174805554
2025-04-08,North,Sedan,Dealer,176,159874176
2025-04-08,South,SUV,Dealer,192,122908416
2025-04-08,South,Hatchback,Dealer,157,79402750
2025-04-08,South,Sedan,Online,147,148728720
2025-04-08,East,SUV,Dealer,152,141116040
2025-04-08,East,Hatchback,Dealer,145,133190330
2025-04-08,East,Sedan,Dealer,127,69293613
2025-04-08,West,SUV,Online,220,200806100
2025-04-08,West,Hatchback,Dealer,180,153425700
2025-04-08,West,Sedan,Dealer,180,155035620
2025-04-09,North,SUV,Online,200,155699000
2025-04-09,North,Hatchback,Dealer,206,142552618
2025-04-09,North,Sedan,Dealer,185,203866670
2025-04-09,South,SUV,Dealer,174,186067596
2025-04-09,South,Hatchback,Dealer,159,170102811
2025-04-09,South,Sedan,Dealer,154,180941222
2025-04-09,East,SUV,Online,140,94863580
2025-04-09,East,Hatchback,Dealer,160,146037760
2025-04-09,East,Sedan,Dealer,148,133727028
2025-04-09,West,SUV,Dealer,216,145207512
2025-04-09,West,Hatchback,Dealer,214,174701682
2025-04-09,West,Sedan,Dealer,212,235685912
2025-04-10,North,SUV,Dealer,229,241747743
2025-04-10,North,Hatchback,Dealer,195,143617500
2025-04-10,North,Sedan,Dealer,171,105009561
2025-04-10,South,SUV,Dealer,205,211329375
2025-04-10,South,Hatchback,Dealer,160,154289600
2025-04-10,South,Sedan,Dealer,165,174444930
2025-04-10,East,SUV,Online,158,98549024
2025-04-10,East,Hatchback,Dealer,144,157727952
2025-04-10,East,Sedan,Online,129,114581283
2025-04-10,West,SUV,Dealer,265,249666040
2025-04-10,West,Hatchback,Dealer,196,114066512
2025-04-10,West,Sedan,Dealer,181,123422090
2025-04-11,North,SUV,Dealer,198,202605480
2025-04-11,North,Hatchback,Dealer,202,166738274
2025-04-11,North,Sedan,Dealer,190,179182540
2025-04-11,South,SUV,Dealer,172,196921768
2025-04-11,South,Hatchback,Dealer,202,158167212
2025-04-11,South,Sedan,Dealer,184,142236048
2025-04-11,East,SUV,Dealer,159,162915216
2025-04-11,East,Hatchback,Dealer,140,113075200
2025-04-11,East,Sedan,Online,125,75468875
2025-04-11,West,SUV,Online,211,123672164
2025-04-11,West,Hatchback,Dealer,216,204604704
2025-04-11,West,Sedan,Dealer,190,140167370
2025-04-12,North,SUV,Dealer,206,150399982
2025-04-12,North,Hatchback,Online,171,119268738
2025-04-12,North,Sedan,Dealer,194,181891490
2025-04-12,South,SUV,Dealer,166,156202680
2025-04-12,South,Hatchback,Online,146,142390588
2025-04-12,South,Sedan,Dealer,159,139855287
2025-04-12,East,SUV,Dealer,166,190243470
2025-04-12,East,Hatchback,Online,134,159570416
2025-04-12,East,Sedan,Dealer,111,81161202
2025-04-12,West,SUV,Online,220,129588140
2025-04-12,West,Hatchback,Dealer,219,235765107
2025-04-12,West,Sedan,Dealer,210,138575220
2025-04-13,North,SUV,Dealer,189,142979445
2025-04-13,North,Hatchback,Online,198,190609848
2025-04-13,North,Sedan,Dealer,169,166166884
2025-04-13,South,SUV,Dealer,189,157360833
2025-04-13,South,Hatchback,Dealer,155,101440525
2025-04-13,South,Sedan,Dealer,125,98226250
2025-04-13,East,SUV,Dealer,163,168627086
2025-04-13,East,Hatchback,Dealer,142,91232444
2025-04-13,East,Sedan,Online,148,85561168
2025-04-13,West,SUV,Dealer,202,147244062
2025-04-13,West,Hatchback,Dealer,202,146767544
2025-04-13,West,Sedan,Dealer,197,143072432
2025-04-14,North,SUV,Dealer,190,161899570
2025-04-14,North,Hatchback,Dealer,170,130413120
2025-04-14,North,Sedan,Dealer,172,109329908
2025-04-14,South,SUV,Dealer,183,95231187
2025-04-14,South,Hatchback,Dealer,148,111378436
2025-04-14,South,Sedan,Dealer,154,174061580
2025-04-14,East,SUV,Online,159,112547991
2025-04-14,East,Hatchback,Dealer,124,91571892
2025-04-14,East,Sedan,Dealer,147,89306028
2025-04-14,West,SUV,Dealer,227,236993902
2025-04-14,West,Hatchback,Online,192,147542208
2025-04-14,West,Sedan,Online,213,179005413
2025-04-15,North,SUV,Dealer,202,220594908
2025-04-15,North,Hatchback,Dealer,198,198194238
2025-04-15,North,Sedan,Online,164,100298464
2025-04-15,South,SUV,Dealer,164,94714100
2025-04-15,South,Hatchback,Dealer,149,90024012
2025-04-15,South,Sedan,Dealer,149,162420877
2025-04-15,East,SUV,Dealer,173,167451371
2025-04-15,East,Hatchback,Dealer,169,131550276
2025-04-15,East,Sedan,Online,135,148874220
2025-04-15,West,SUV,Dealer,221,156133406
2025-04-15,West,Hatchback,Dealer,227,144921113
2025-04-15,West,Sedan,Dealer,156,168493416
2025-04-16,North,SUV,Dealer,203,201341490
2025-04-16,North,Hatchback,Online,192,200680320
2025-04-16,North,Sedan,Dealer,195,98058870
2025-04-16,South,SUV,Dealer,189,147521871
2025-04-16,South,Hatchback,Dealer,169,167211135
2025-04-16,South,Sedan,Dealer,155,132962100
2025-04-16,East,SUV,Online,182,122421572
2025-04-16,East,Hatchback,Dealer,143,121573452
2025-04-16,East,Sedan,Dealer,135,91758015
2025-04-16,West,SUV,Dealer,217,169917076
2025-04-16,West,Hatchback,Dealer,198,122877216
2025-04-16,West,Sedan,Dealer,193,158672441
2025-04-17,North,SUV,Online,200,143503200
2025-04-17,North,Hatchback,Dealer,205,144138985
2025-04-17,North,Sedan,Dealer,175,154838950
2025-04-17,South,SUV,Dealer,163,167360250
2025-04-17,South,Hatchback,Dealer,167,139455688
2025-04-17,South,Sedan,Dealer,156,143142792
2025-04-17,East,SUV,Dealer,144,170712432
2025-04-17,East,Hatchback,Dealer,143,119731469
2025-04-17,East,Sedan,Dealer,129,135903435
2025-04-17,West,SUV,Dealer,227,116293462
2025-04-17,West,Hatchback,Dealer,207,141316830
2025-04-17,West,Sedan,Dealer,184,191784488
2025-04-18,North,SUV,Dealer,197,175019134
2025-04-18,North,Hatchback,Dealer,161,192123232
2025-04-18,North,Sedan,Dealer,175,105045500
2025-04-18,South,SUV,Dealer,204,223121124
2025-04-18,South,Hatchback,Dealer,158,183386334
2025-04-18,South,Sedan,Dealer,141,111524091
2025-04-18,East,SUV,Online,167,93222573
2025-04-18,East,Hatchback,Dealer,144,171234576
2025-04-18,East,Sedan,Dealer,127,133624955
2025-04-18,West,SUV,Dealer,221,143181038
2025-04-18,West,Hatchback,Dealer,201,102628389
2025-04-18,West,Sedan,Dealer,191,164344804
2025-04-19,North,SUV,Dealer,217,233250479
2025-04-19,North,Hatchback,Online,186,187798248
2025-04-19,North,Sedan,Dealer,177,148753278
2025-04-19,South,SUV,Dealer,176,111723744
2025-04-19,South,Hatchback,Dealer,149,81034544
2025-04-19,South,Sedan,Online,167,157354748
2025-04-19,East,SUV,Dealer,158,133554240
2025-04-19,East,Hatchback,Dealer,167,151536969
2025-04-19,East,Sedan,Dealer,157,121808136
2025-04-19,West,SUV,Dealer,221,188480734
2025-04-19,West,Hatchback,Dealer,179,164435128
2025-04-19,West,Sedan,Dealer,178,208592504
2025-04-20,North,SUV,Dealer,213,169949079
2025-04-20,North,Hatchback,Dealer,161,159054798
2025-04-20,North,Sedan,Dealer,159,178658760
2025-04-20,South,SUV,Dealer,176,204805392
2025-04-20,South,Hatchback,Online,164,133318224
2025-04-20,South,Sedan,Dealer,149,126477756
2025-04-20,East,SUV,Online,148,157391636
2025-04-20,East,Hatchback,Dealer,133,157061429
2025-04-20,East,Sedan,Online,136,110547464
2025-04-20,West,SUV,Online,217,108908177
2025-04-20,West,Hatchback,Dealer,195,156651690
2025-04-20,West,Sedan,Dealer,203,187908777
2025-04-21,North,SUV,Dealer,207,185914566
2025-04-21,North,Hatchback,Dealer,196,227369016
2025-04-21,North,Sedan,Dealer,168,130090632
2025-04-21,South,SUV,Dealer,191,174126869
2025-04-21,South,Hatchback,Dealer,157,81774235
2025-04-21,South,Sedan,Dealer,141,114405285
2025-04-21,East,SUV,Dealer,132,113048364
2025-04-21,East,Hatchback,Dealer,139,85576323
2025-04-21,East,Sedan,Dealer,140,79732520
2025-04-21,West,SUV,Dealer,232,270875080
2025-04-21,West,Hatchback,Dealer,196,102447632
2025-04-21,West,Sedan,Dealer,177,157915683
2025-04-22,North,SUV,Dealer,194,97769986
2025-04-22,North,Hatchback,Dealer,208,112682544
2025-04-22,North,Sedan,Dealer,177,187419282
2025-04-22,South,SUV,Dealer,198,163604232
2025-04-22,South,Hatchback,Dealer,146,98837328
2025-04-22,South,Sedan,Dealer,133,155506393
2025-04-22,East,SUV,Dealer,176,187551760
2025-04-22,East,Hatchback,Dealer,156,164182512
2025-04-22,East,Sedan,Dealer,123,129253443
2025-04-22,West,SUV,Dealer,244,132816764
2025-04-22,West,Hatchback,Online,215,109664620
2025-04-22,West,Sedan,Online,204,218424024
2025-04-23,North,SUV,Dealer,201,232460721
2025-04-23,North,Hatchback,Dealer,212,180669580
2025-04-23,North,Sedan,Dealer,166,159193336
2025-04-23,South,SUV,Online,186,196438134
2025-04-23,South,Hatchback,Dealer,187,163469603
2025-04-23,South,Sedan,Dealer,154,143010252
2025-04-23,East,SUV,Dealer,140,138234180
2025-04-23,East,Hatchback,Dealer,147,134520435
2025-04-23,East,Sedan,Dealer,124,140634724
2025-04-23,West,SUV,Dealer,225,180511650
2025-04-23,West,Hatchback,Dealer,219,224978043
2025-04-23,West,Sedan,Dealer,212,136799572
2025-04-24,North,SUV,Dealer,182,111830992
2025-04-24,North,Hatchback,Dealer,181,159766528
2025-04-24,North,Sedan,Dealer,160,168540800
2025-04-24,South,SUV,Dealer,190,127592790
2025-04-24,South,Hatchback,Dealer,155,132786485
2025-04-24,South,Sedan,Dealer,155,85985475
2025-04-24,East,SUV,Dealer,147,81001851
2025-04-24,East,Hatchback,Online,144,106481520
2025-04-24,East,Sedan,Dealer,134,131294406
2025-04-24,West,SUV,Dealer,243,173162529
2025-04-24,West,Hatchback,Online,240,229253760
2025-04-24,West,Sedan,Online,185,190871900
2025-04-25,North,SUV,Dealer,189,115566318
2025-04-25,North,Hatchback,Dealer,194,145448978
2025-04-25,North,Sedan,Dealer,178,129308634
2025-04-25,South,SUV,Online,184,186214440
2025-04-25,South,Hatchback,Online,178,112318712
2025-04-25,South,Sedan,Dealer,160,97218400
2025-04-25,East,SUV,Dealer,167,180712537
2025-04-25,East,Hatchback,Dealer,150,155085450
2025-04-25,East,Sedan,Dealer,152,160978640
2025-04-25,West,SUV,Dealer,246,182042706
2025-04-25,West,Hatchback,Dealer,216,154790136
2025-04-25,West,Sedan,Dealer,216,228455640
2025-04-26,North,SUV,Dealer,211,137881326
2025-04-26,North,Hatchback,Dealer,201,175428378
2025-04-26,North,Sedan,Dealer,158,137905244
2025-04-26,South,SUV,Dealer,200,149599400
2025-04-26,South,Hatchback,Online,174,158326950
2025-04-26,South,Sedan,Dealer,191,103243522
2025-04-26,East,SUV,Dealer,138,107378352
2025-04-26,East,Hatchback,Dealer,171,134638560
2025-04-26,East,Sedan,Dealer,134,143827560
2025-04-26,West,SUV,Online,229,250159371
2025-04-26,West,Hatchback,Dealer,225,147994425
2025-04-26,West,Sedan,Dealer,192,191517696
2025-04-27,North,SUV,Dealer,211,172287197
2025-04-27,North,Hatchback,Dealer,205,165922490
2025-04-27,North,Sedan,Dealer,160,171456480
2025-04-27,South,SUV,Online,185,135516200
2025-04-27,South,Hatchback,Dealer,166,166952840
2025-04-27,South,Sedan,Dealer,147,147722799
2025-04-27,East,SUV,Dealer,183,185391078
2025-04-27,East,Hatchback,Dealer,147,112334313
2025-04-27,East,Sedan,Dealer,107,106124526
2025-04-27,West,SUV,Dealer,227,140494840
2025-04-27,West,Hatchback,Dealer,223,205569651
2025-04-27,West,Sedan,Online,221,120692741
2025-04-28,North,SUV,Dealer,206,192743282
2025-04-28,North,Hatchback,Dealer,180,208835460
2025-04-28,North,Sedan,Dealer,155,131134650
2025-04-28,South,SUV,Online,182,166341084
2025-04-28,South,Hatchback,Online,154,142693782
2025-04-28,South,Sedan,Dealer,167,142542516
2025-04-28,East,SUV,Dealer,146,151880442
2025-04-28,East,Hatchback,Dealer,166,190140384
2025-04-28,East,Sedan,Dealer,120,135596880
2025-04-28,West,SUV,Dealer,203,198677115
2025-04-28,West,Hatchback,Dealer,204,123944892
2025-04-28,West,Sedan,Dealer,192,147677184
2025-04-29,North,SUV,Dealer,213,231028746
2025-04-29,North,Hatchback,Dealer,175,185430525
2025-04-29,North,Sedan,Dealer,145,86389550
2025-04-29,South,SUV,Dealer,159,106891725
2025-04-29,South,Hatchback,Dealer,130,78246220
2025-04-29,South,Sedan,Dealer,132,139394112
2025-04-29,East,SUV,Dealer,198,205099686
2025-04-29,East,Hatchback,Dealer,140,139171200
2025-04-29,East,Sedan,Dealer,131,119241833
2025-04-29,West,SUV,Dealer,226,183642854
2025-04-29,West,Hatchback,Dealer,221,183886586
2025-04-29,West,Sedan,Online,191,186426505
2025-04-30,North,SUV,Dealer,194,146629274
2025-04-30,North,Hatchback,Dealer,190,182435720
2025-04-30,North,Sedan,Dealer,169,187712356
2025-04-30,South,SUV,Dealer,162,161338878
2025-04-30,South,Hatchback,Dealer,169,147929925
2025-04-30,South,Sedan,Dealer,99,63205758
2025-04-30,East,SUV,Dealer,158,138391726
2025-04-30,East,Hatchback,Dealer,158,95542600
2025-04-30,East,Sedan,Online,143,72919561
2025-04-30,West,SUV,Dealer,212,139001192
2025-04-30,West,Hatchback,Online,216,230036544
2025-04-30,West,Sedan,Dealer,189,179505396
2025-05-01,North,SUV,Dealer,183,166689027
2025-05-01,North,Hatchback,Dealer,270,283615560
2025-05-01,North,Sedan,Dealer,169,199006795
2025-05-01,South,SUV,Dealer,163,84198465
2025-05-01,South,Hatchback,Dealer,232,274156024
2025-05-01,South,Sedan,Dealer,153,90472113
2025-05-01,East,SUV,Dealer,166,136861024
2025-05-01,East,Hatchback,Online,216,253414872
2025-05-01,East,Sedan,Dealer,153,183519828
2025-05-01,West,SUV,Dealer,233,198060718
2025-05-01,West,Hatchback,Dealer,254,304285396
2025-05-01,West,Sedan,Dealer,195,118452555
2025-05-02,North,SUV,Dealer,209,122806937
2025-05-02,North,Hatchback,Dealer,243,203970798
2025-05-02,North,Sedan,Dealer,163,175324430
2025-05-02,South,SUV,Dealer,183,195939198
2025-05-02,South,Hatchback,Dealer,228,204910668
2025-05-02,South,Sedan,Dealer,128,76496384
2025-05-02,East,SUV,Dealer,178,137180150
2025-05-02,East,Hatchback,Dealer,192,104193408
2025-05-02,East,Sedan,Online,136,126675296
2025-05-02,West,SUV,Dealer,213,117799863
2025-05-02,West,Hatchback,Dealer,284,154620676
2025-05-02,West,Sedan,Dealer,195,115354785
2025-05-03,North,SUV,Dealer,200,224382400
2025-05-03,North,Hatchback,Dealer,249,131985687
2025-05-03,North,Sedan,Dealer,189,174047832
2025-05-03,South,SUV,Dealer,193,145737388
2025-05-03,South,Hatchback,Dealer,234,141304176
2025-05-03,South,Sedan,Dealer,131,117152645
2025-05-03,East,SUV,Dealer,122,102533070
2025-05-03,East,Hatchback,Dealer,193,97896355
2025-05-03,East,Sedan,Dealer,157,83560110
2025-05-03,West,SUV,Dealer,234,225129528
2025-05-03,West,Hatchback,Dealer,277,161994309
2025-05-03,West,Sedan,Dealer,179,130923106
2025-05-04,North,SUV,Dealer,223,149623188
2025-05-04,North,Hatchback,Dealer,243,209522376
2025-05-04,North,Sedan,Online,165,110635965
2025-05-04,South,SUV,Dealer,193,143213141
2025-05-04,South,Hatchback,Dealer,254,208001362
2025-05-04,South,Sedan,Dealer,147,172912866
2025-05-04,East,SUV,Online,150,175381650
2025-05-04,East,Hatchback,Dealer,218,177559474
2025-05-04,East,Sedan,Dealer,123,86371830
2025-05-04,West,SUV,Dealer,231,265900404
2025-05-04,West,Hatchback,Dealer,264,269441040
2025-05-04,West,Sedan,Dealer,189,169363467
2025-05-05,North,SUV,Dealer,198,124153722
2025-05-05,North,Hatchback,Dealer,235,159817390
2025-05-05,North,Sedan,Dealer,189,219492126
2025-05-05,South,SUV,Dealer,154,170654792
2025-05-05,South,Hatchback,Dealer,251,283172427
2025-05-05,South,Sedan,Dealer,173,165384886
2025-05-05,East,SUV,Dealer,180,183328200
2025-05-05,East,Hatchback,Dealer,188,198078304
2025-05-05,East,Sedan,Dealer,115,57748285
2025-05-05,West,SUV,Dealer,219,212472048
2025-05-05,West,Hatchback,Dealer,267,174761112
2025-05-05,West,Sedan,Dealer,163,163200979
2025-05-06,North,SUV,Dealer,203,101682903
2025-05-06,North,Hatchback,Dealer,257,251040941
2025-05-06,North,Sedan,Dealer,175,170867200
2025-05-06,South,SUV,Dealer,164,123301596
2025-05-06,South,Hatchback,Dealer,228,202412244
2025-05-06,South,Sedan,Dealer,112,126206080
2025-05-06,East,SUV,Dealer,165,106211160
2025-05-06,East,Hatchback,Online,214,121071784
2025-05-06,East,Sedan,Dealer,158,166176816
2025-05-06,West,SUV,Dealer,218,222377876
2025-05-06,West,Hatchback,Dealer,282,163966362
2025-05-06,West,Sedan,Dealer,178,131294936
2025-05-07,North,SUV,Dealer,235,149756805
2025-05-07,North,Hatchback,Dealer,234,128148930
2025-05-07,North,Sedan,Online,168,101267040
2025-05-07,South,SUV,Dealer,180,90092700
2025-05-07,South,Hatchback,Dealer,236,255598148
2025-05-07,South,Sedan,Dealer,159,91245330
2025-05-07,East,SUV,Online,160,174497760
2025-05-07,East,Hatchback,Online,212,207543124
2025-05-07,East,Sedan,Dealer,129,98325090
2025-05-07,West,SUV,Dealer,220,227000620
2025-05-07,West,Hatchback,Dealer,269,280088180
2025-05-07,West,Sedan,Dealer,167,87616216
2025-05-08,North,SUV,Online,194,105264012
2025-05-08,North,Hatchback,Dealer,227,205892178
2025-05-08,North,Sedan,Dealer,149,111452596
2025-05-08,South,SUV,Dealer,159,83095944
2025-05-08,South,Hatchback,Dealer,213,184252668
2025-05-08,South,Sedan,Dealer,147,112488516
2025-05-08,East,SUV,Dealer,182,105106092
2025-05-08,East,Hatchback,Dealer,210,139314420
2025-05-08,East,Sedan,Dealer,122,88210148
2025-05-08,West,SUV,Online,236,265259752
2025-05-08,West,Hatchback,Dealer,281,304805758
2025-05-08,West,Sedan,Dealer,194,115857964
2025-05-09,North,SUV,Dealer,213,224815962
2025-05-09,North,Hatchback,Dealer,239,211547026
2025-05-09,North,Sedan,Dealer,167,101501264
2025-05-09,South,SUV,Online,217,160263180
2025-05-09,South,Hatchback,Dealer,209,227751271
2025-05-09,South,Sedan,Dealer,163,121914383
2025-05-09,East,SUV,Dealer,162,135796500
2025-05-09,East,Hatchback,Dealer,166,139963564
2025-05-09,East,Sedan,Dealer,134,82460250
2025-05-09,West,SUV,Dealer,223,137497786
2025-05-09,West,Hatchback,Online,287,260726872
2025-05-09,West,Sedan,Dealer,181,117223926
2025-05-10,North,SUV,Dealer,225,264503925
2025-05-10,North,Hatchback,Dealer,275,208887250
2025-05-10,North,Sedan,Dealer,190,173634730
2025-05-10,South,SUV,Dealer,178,101544372
2025-05-10,South,Hatchback,Dealer,201,210405192
2025-05-10,South,Sedan,Dealer,175,199715600
2025-05-10,East,SUV,Online,167,198479333
2025-05-10,East,Hatchback,Online,203,209717270
2025-05-10,East,Sedan,Online,153,174121038
2025-05-10,West,SUV,Dealer,240,150725520
2025-05-10,West,Hatchback,Dealer,251,209116634
2025-05-10,West,Sedan,Dealer,200,124327000
2025-05-11,North,SUV,Online,221,219343163
2025-05-11,North,Hatchback,Dealer,274,265415032
2025-05-11,North,Sedan,Dealer,172,93138860
2025-05-11,South,SUV,Dealer,176,99035024
2025-05-11,South,Hatchback,Dealer,214,136246952
2025-05-11,South,Sedan,Dealer,144,110292336
2025-05-11,East,SUV,Online,159,120684339
2025-05-11,East,Hatchback,Dealer,196,125916084
2025-05-11,East,Sedan,Online,155,181347830
2025-05-11,West,SUV,Dealer,219,171084771
2025-05-11,West,Hatchback,Online,268,319550604
2025-05-11,West,Sedan,Dealer,177,205570278
2025-05-12,North,SUV,Dealer,218,152198662
2025-05-12,North,Hatchback,Dealer,251,277009373
2025-05-12,North,Sedan,Dealer,182,202766382
2025-05-12,South,SUV,Dealer,223,197686378
2025-05-12,South,Hatchback,Online,228,239682264
2025-05-12,South,Sedan,Dealer,155,154652800
2025-05-12,East,SUV,Dealer,146,76479764
2025-05-12,East,Hatchback,Dealer,186,143693184
2025-05-12,East,Sedan,Dealer,133,155435637
2025-05-12,West,SUV,Dealer,218,181798048
2025-05-12,West,Hatchback,Dealer,276,277355160
2025-05-12,West,Sedan,Dealer,218,244833620
2025-05-13,North,SUV,Dealer,198,165146058
2025-05-13,North,Hatchback,Dealer,253,287789777
2025-05-13,North,Sedan,Online,175,169224125
2025-05-13,South,SUV,Dealer,180,146566800
2025-05-13,South,Hatchback,Dealer,213,230261946
2025-05-13,South,Sedan,Online,162,138483270
2025-05-13,East,SUV,Dealer,150,120990900
2025-05-13,East,Hatchback,Dealer,186,196576332
2025-05-13,East,Sedan,Online,125,76222375
2025-05-13,West,SUV,Dealer,206,196128892
2025-05-13,West,Hatchback,Dealer,272,239720400
2025-05-13,West,Sedan,Dealer,182,150861620
2025-05-14,North,SUV,Dealer,211,165974710
2025-05-14,North,Hatchback,Online,239,125733359
2025-05-14,North,Sedan,Dealer,179,95858975
2025-05-14,South,SUV,Dealer,172,179026200
2025-05-14,South,Hatchback,Online,210,221953620
2025-05-14,South,Sedan,Dealer,156,108297540
2025-05-14,East,SUV,Online,156,79866072
2025-05-14,East,Hatchback,Dealer,198,99794178
2025-05-14,East,Sedan,Dealer,150,155022600
2025-05-14,West,SUV,Dealer,225,230136525
2025-05-14,West,Hatchback,Dealer,299,156885300
2025-05-14,West,Sedan,Dealer,198,144784926
2025-05-15,North,SUV,Dealer,233,174891198
2025-05-15,North,Hatchback,Dealer,238,164133606
2025-05-15,North,Sedan,Dealer,163,176059234
2025-05-15,South,SUV,Dealer,171,146502882
2025-05-15,South,Hatchback,Online,231,215135382
2025-05-15,South,Sedan,Dealer,156,135477264
2025-05-15,East,SUV,Dealer,162,167392170
2025-05-15,East,Hatchback,Dealer,217,190567013
2025-05-15,East,Sedan,Dealer,144,87413904
2025-05-15,West,SUV,Online,244,230603424
2025-05-15,West,Hatchback,Online,279,334510119
2025-05-15,West,Sedan,Dealer,200,109953600
2025-05-16,North,SUV,Dealer,222,111704628
2025-05-16,North,Hatchback,Dealer,231,214632495
2025-05-16,North,Sedan,Online,165,192336045
2025-05-16,South,SUV,Dealer,197,141262790
2025-05-16,South,Hatchback,Dealer,237,154063272
2025-05-16,South,Sedan,Online,175,112688275
2025-05-16,East,SUV,Dealer,159,187037583
2025-05-16,East,Hatchback,Dealer,176,126319776
2025-05-16,East,Sedan,Dealer,130,82999020
2025-05-16,West,SUV,Dealer,237,130027443
2025-05-16,West,Hatchback,Dealer,269,183578243
2025-05-16,West,Sedan,Dealer,185,162812765
2025-05-17,North,SUV,Dealer,185,114587520
2025-05-17,North,Hatchback,Dealer,256,179591168
2025-05-17,North,Sedan,Dealer,156,119474784
2025-05-17,South,SUV,Dealer,179,212173712
2025-05-17,South,Hatchback,Dealer,224,247997568
2025-05-17,South,Sedan,Online,174,188178216
2025-05-17,East,SUV,Dealer,148,78931952
2025-05-17,East,Hatchback,Online,214,117972208
2025-05-17,East,Sedan,Online,175,168596050
2025-05-17,West,SUV,Dealer,225,156335400
2025-05-17,West,Hatchback,Dealer,252,198831528
2025-05-17,West,Sedan,Dealer,187,108421665
2025-05-18,North,SUV,Online,190,118022110
2025-05-18,North,Hatchback,Dealer,266,305998420
2025-05-18,North,Sedan,Dealer,174,116251488
2025-05-18,South,SUV,Dealer,192,107133312
2025-05-18,South,Hatchback,Online,214,129537410
2025-05-18,South,Sedan,Dealer,165,159722145
2025-05-18,East,SUV,Dealer,168,108395784
2025-05-18,East,Hatchback,Dealer,203,104726888
2025-05-18,East,Sedan,Dealer,126,113122548
2025-05-18,West,SUV,Dealer,254,202985370
2025-05-18,West,Hatchback,Dealer,279,223824960
2025-05-18,West,Sedan,Dealer,211,205906249
2025-05-19,North,SUV,Dealer,205,104867545
2025-05-19,North,Hatchback,Dealer,261,295279479
2025-05-19,North,Sedan,Dealer,195,230541675
2025-05-19,South,SUV,Dealer,195,142187565
2025-05-19,South,Hatchback,Dealer,231,237880797
2025-05-19,South,Sedan,Dealer,132,83472972
2025-05-19,East,SUV,Online,184,157097544
2025-05-19,East,Hatchback,Dealer,207,171915777
2025-05-19,East,Sedan,Dealer,135,67917015
2025-05-19,West,SUV,Dealer,236,190527992
2025-05-19,West,Hatchback,Online,259,215554045
2025-05-19,West,Sedan,Dealer,178,211806650
2025-05-20,North,SUV,Dealer,227,151011750
2025-05-20,North,Hatchback,Dealer,236,179992008
2025-05-20,North,Sedan,Online,174,121413720
2025-05-20,South,SUV,Online,152,92159272
2025-05-20,South,Hatchback,Dealer,206,109120054
2025-05-20,South,Sedan,Dealer,166,83060258
2025-05-20,East,SUV,Dealer,181,138298480
2025-05-20,East,Hatchback,Online,199,134332363
2025-05-20,East,Sedan,Dealer,124,77607260
2025-05-20,West,SUV,Dealer,224,206985184
2025-05-20,West,Hatchback,Online,277,238349082
2025-05-20,West,Sedan,Dealer,200,104316800
2025-05-21,North,SUV,Dealer,198,227800188
2025-05-21,North,Hatchback,Dealer,237,158940495
2025-05-21,North,Sedan,Dealer,141,85992516
2025-05-21,South,SUV,Online,185,219132500
2025-05-21,South,Hatchback,Online,248,276106336
2025-05-21,South,Sedan,Dealer,138,143927790
2025-05-21,East,SUV,Online,131,105932495
2025-05-21,East,Hatchback,Dealer,198,234750978
2025-05-21,East,Sedan,Dealer,137,137982701
2025-05-21,West,SUV,Online,217,246961407
2025-05-21,West,Hatchback,Dealer,310,204956190
2025-05-21,West,Sedan,Dealer,193,133018688
2025-05-22,North,SUV,Dealer,199,214078230
2025-05-22,North,Hatchback,Dealer,262,238581392
2025-05-22,North,Sedan,Dealer,174,139173900
2025-05-22,South,SUV,Dealer,169,91452491
2025-05-22,South,Hatchback,Dealer,242,281689452
2025-05-22,South,Sedan,Dealer,138,162584010
2025-05-22,East,SUV,Online,154,145721268
2025-05-22,East,Hatchback,Dealer,196,102615408
2025-05-22,East,Sedan,Dealer,116,79087524
2025-05-22,West,SUV,Dealer,208,219629904
2025-05-22,West,Hatchback,Dealer,285,288882840
2025-05-22,West,Sedan,Dealer,228,265965192
2025-05-23,North,SUV,Dealer,193,156035482
2025-05-23,North,Hatchback,Dealer,243,206295093
2025-05-23,North,Sedan,Dealer,153,181027917
2025-05-23,South,SUV,Dealer,182,101767848
2025-05-23,South,Hatchback,Dealer,205,156921350
2025-05-23,South,Sedan,Dealer,150,177443100
2025-05-23,East,SUV,Dealer,178,160988006
2025-05-23,East,Hatchback,Dealer,199,107034140
2025-05-23,East,Sedan,Dealer,128,96393984
2025-05-23,West,SUV,Dealer,239,156778264
2025-05-23,West,Hatchback,Dealer,279,234157167
2025-05-23,West,Sedan,Dealer,200,156763200
2025-05-24,North,SUV,Dealer,192,207402624
2025-05-24,North,Hatchback,Dealer,243,152081793
2025-05-24,North,Sedan,Dealer,158,149190552
2025-05-24,South,SUV,Dealer,171,124176609
2025-05-24,South,Hatchback,Dealer,213,181057668
2025-05-24,South,Sedan,Dealer,151,81411348
2025-05-24,East,SUV,Dealer,156,124160556
2025-05-24,East,Hatchback,Dealer,205,114003780
2025-05-24,East,Sedan,Dealer,96,62424864
2025-05-24,West,SUV,Dealer,227,251131462
2025-05-24,West,Hatchback,Dealer,277,284458225
2025-05-24,West,Sedan,Dealer,193,166298836
2025-05-25,North,SUV,Dealer,222,250662864
2025-05-25,North,Hatchback,Dealer,264,136971120
2025-05-25,North,Sedan,Online,149,104616327
2025-05-25,South,SUV,Dealer,168,130593456
2025-05-25,South,Hatchback,Online,238,271212424
2025-05-25,South,Sedan,Online,142,160413708
2025-05-25,East,SUV,Dealer,151,133035832
2025-05-25,East,Hatchback,Dealer,181,134873960
2025-05-25,East,Sedan,Dealer,122,117788926
2025-05-25,West,SUV,Dealer,210,151268460
2025-05-25,West,Hatchback,Dealer,278,296113924
2025-05-25,West,Sedan,Dealer,203,169148735
2025-05-26,North,SUV,Dealer,232,202699328
2025-05-26,North,Hatchback,Dealer,242,188951180
2025-05-26,North,Sedan,Dealer,188,151169672
2025-05-26,South,SUV,Online,199,173543522
2025-05-26,South,Hatchback,Dealer,220,127055940
2025-05-26,South,Sedan,Dealer,109,101653509
2025-05-26,East,SUV,Online,167,155911701
2025-05-26,East,Hatchback,Dealer,202,121781154
2025-05-26,East,Sedan,Dealer,123,144288594
2025-05-26,West,SUV,Online,224,179594912
2025-05-26,West,Hatchback,Dealer,282,227608968
2025-05-26,West,Sedan,Dealer,180,169352460
2025-05-27,North,SUV,Dealer,202,165545464
2025-05-27,North,Hatchback,Dealer,225,118584675
2025-05-27,North,Sedan,Dealer,170,100970480
2025-05-27,South,SUV,Online,202,205146756
2025-05-27,South,Hatchback,Dealer,200,123028000
2025-05-27,South,Sedan,Dealer,149,144915165
2025-05-27,East,SUV,Dealer,166,144827364
2025-05-27,East,Hatchback,Dealer,190,140080920
2025-05-27,East,Sedan,Dealer,129,83956167
2025-05-27,West,SUV,Dealer,205,108705350
2025-05-27,West,Hatchback,Online,260,276163420
2025-05-27,West,Sedan,Dealer,189,95185314
2025-05-28,North,SUV,Dealer,171,184411872
2025-05-28,North,Hatchback,Dealer,245,229428290
2025-05-28,North,Sedan,Online,127,134334123
2025-05-28,South,SUV,Dealer,188,114695792
2025-05-28,South,Hatchback,Dealer,195,230889750
2025-05-28,South,Sedan,Dealer,159,88811040
2025-05-28,East,SUV,Dealer,156,106200900
2025-05-28,East,Hatchback,Dealer,215,208910770
2025-05-28,East,Sedan,Dealer,162,141581034
2025-05-28,West,SUV,Dealer,221,160954300
2025-05-28,West,Hatchback,Online,282,310295316
2025-05-28,West,Sedan,Dealer,205,117589230
2025-05-29,North,SUV,Dealer,215,213687640
2025-05-29,North,Hatchback,Dealer,255,197198130
2025-05-29,North,Sedan,Online,188,99932528
2025-05-29,South,SUV,Online,192,226029312
2025-05-29,South,Hatchback,Dealer,226,166323118
2025-05-29,South,Sedan,Dealer,145,173165525
2025-05-29,East,SUV,Dealer,160,180272160
2025-05-29,East,Hatchback,Dealer,195,140042760
2025-05-29,East,Sedan,Dealer,137,76745482
2025-05-29,West,SUV,Dealer,193,103478880
2025-05-29,West,Hatchback,Dealer,262,191581212
2025-05-29,West,Sedan,Dealer,199,191376509
2025-05-30,North,SUV,Dealer,221,219344268
2025-05-30,North,Hatchback,Dealer,272,321379696
2025-05-30,North,Sedan,Dealer,159,123703749
2025-05-30,South,SUV,Online,201,239304168
2025-05-30,South,Hatchback,Dealer,231,184442181
2025-05-30,South,Sedan,Dealer,145,132397035
2025-05-30,East,SUV,Dealer,191,125868618
2025-05-30,East,Hatchback,Dealer,202,183091992
2025-05-30,East,Sedan,Dealer,133,102092662
2025-05-30,West,SUV,Dealer,217,219642409
2025-05-30,West,Hatchback,Dealer,276,218954388
2025-05-30,West,Sedan,Dealer,211,222383239
2025-05-31,North,SUV,Dealer,200,119412800
2025-05-31,North,Hatchback,Dealer,273,308493003
2025-05-31,North,Sedan,Dealer,168,191259432
2025-05-31,South,SUV,Dealer,179,150410299
2025-05-31,South,Hatchback,Online,244,223021124
2025-05-31,South,Sedan,Dealer,136,140415240
2025-05-31,East,SUV,Dealer,164,169922696
2025-05-31,East,Hatchback,Dealer,204,206097732
2025-05-31,East,Sedan,Dealer,124,65531644
2025-05-31,West,SUV,Dealer,212,135216780
2025-05-31,West,Hatchback,Dealer,268,211906528
2025-05-31,West,Sedan,Dealer,167,197779436
2025-06-01,North,SUV,Dealer,197,143822411
2025-06-01,North,Hatchback,Dealer,263,206531533
2025-06-01,North,Sedan,Dealer,175,196657300
2025-06-01,South,SUV,Dealer,174,89389194
2025-06-01,South,Hatchback,Dealer,222,170046672
2025-06-01,South,Sedan,Dealer,144,77907600
2025-06-01,East,SUV,Dealer,177,194594862
2025-06-01,East,Hatchback,Dealer,209,239932418
2025-06-01,East,Sedan,Online,160,113764320
2025-06-01,West,SUV,Dealer,218,187803512
2025-06-01,West,Hatchback,Dealer,291,219732645
2025-06-01,West,Sedan,Dealer,211,160608136
2025-06-02,North,SUV,Dealer,182,145466412
2025-06-02,North,Hatchback,Online,260,183746420
2025-06-02,North,Sedan,Dealer,201,141575154
2025-06-02,South,SUV,Dealer,195,138879780
2025-06-02,South,Hatchback,Dealer,205,218904535
2025-06-02,South,Sedan,Dealer,141,101387037
2025-06-02,East,SUV,Dealer,134,82146556
2025-06-02,East,Hatchback,Dealer,205,113644210
2025-06-02,East,Sedan,Dealer,144,139497264
2025-06-02,West,SUV,Dealer,220,144596100
2025-06-02,West,Hatchback,Dealer,266,296221324
2025-06-02,West,Sedan,Dealer,218,123904442
2025-06-03,North,SUV,Dealer,205,235339795
2025-06-03,North,Hatchback,Dealer,240,239111280
2025-06-03,North,Sedan,Online,175,100329775
2025-06-03,South,SUV,Dealer,166,163630350
2025-06-03,South,Hatchback,Online,226,234518166
2025-06-03,South,Sedan,Dealer,146,111167320
2025-06-03,East,SUV,Dealer,141,152495589
2025-06-03,East,Hatchback,Dealer,214,142182456
2025-06-03,East,Sedan,Online,152,81533408
2025-06-03,West,SUV,Dealer,218,246097802
2025-06-03,West,Hatchback,Dealer,285,206756385
2025-06-03,West,Sedan,Dealer,189,209494026
2025-06-04,North,SUV,Online,228,221403504
2025-06-04,North,Hatchback,Dealer,250,289313250
2025-06-04,North,Sedan,Dealer,183,149725842
2025-06-04,South,SUV,Dealer,187,222958043
2025-06-04,South,Hatchback,Dealer,227,235695008
2025-06-04,South,Sedan,Dealer,166,174669516
2025-06-04,East,SUV,Online,153,138522681
2025-06-04,East,Hatchback,Dealer,196,167941228
2025-06-04,East,Sedan,Dealer,139,87887337
2025-06-04,West,SUV,Dealer,228,214720824
2025-06-04,West,Hatchback,Dealer,278,302984416
2025-06-04,West,Sedan,Dealer,158,118312770
2025-06-05,North,SUV,Dealer,174,190642056
2025-06-05,North,Hatchback,Dealer,247,199210687
2025-06-05,North,Sedan,Dealer,158,83812838
2025-06-05,South,SUV,Dealer,163,83043936
2025-06-05,South,Hatchback,Dealer,226,246418648
2025-06-05,South,Sedan,Dealer,139,114378930
2025-06-05,East,SUV,Dealer,167,129173999
2025-06-05,East,Hatchback,Dealer,207,244245510
2025-06-05,East,Sedan,Dealer,132,125148672
2025-06-05,West,SUV,Dealer,232,225949208
2025-06-05,West,Hatchback,Dealer,285,242552100
2025-06-05,West,Sedan,Online,167,160497521
2025-06-06,North,SUV,Dealer,177,156646239
2025-06-06,North,Hatchback,Dealer,241,177173801
2025-06-06,North,Sedan,Dealer,182,110482008
2025-06-06,South,SUV,Dealer,185,213248390
2025-06-06,South,Hatchback,Dealer,221,220578995
2025-06-06,South,Sedan,Online,134,158936462
2025-06-06,East,SUV,Dealer,135,152184150
2025-06-06,East,Hatchback,Dealer,203,158358676
2025-06-06,East,Sedan,Dealer,152,106902360
2025-06-06,West,SUV,Dealer,252,241309152
2025-06-06,West,Hatchback,Online,280,283044720
2025-06-06,West,Sedan,Dealer,175,192764775
2025-06-07,North,SUV,Dealer,235,271146995
2025-06-07,North,Hatchback,Dealer,271,266759663
2025-06-07,North,Sedan,Dealer,182,92744106
2025-06-07,South,SUV,Dealer,186,192791232
2025-06-07,South,Hatchback,Dealer,202,154789570
2025-06-07,South,Sedan,Dealer,154,97966946
2025-06-07,East,SUV,Dealer,161,81397897
2025-06-07,East,Hatchback,Dealer,188,199982932
2025-06-07,East,Sedan,Dealer,144,107271648
2025-06-07,West,SUV,Dealer,213,179511288
2025-06-07,West,Hatchback,Dealer,274,150906870
2025-06-07,West,Sedan,Online,206,224163432
2025-06-08,North,SUV,Dealer,191,141457847
2025-06-08,North,Hatchback,Dealer,237,145424622
2025-06-08,North,Sedan,Dealer,169,130796705
2025-06-08,South,SUV,Dealer,185,119811735
2025-06-08,South,Hatchback,Dealer,219,258553809
2025-06-08,South,Sedan,Dealer,157,168742972
2025-06-08,East,SUV,Dealer,153,121933656
2025-06-08,East,Hatchback,Dealer,183,198234201
2025-06-08,East,Sedan,Dealer,128,129090816
2025-06-08,West,SUV,Dealer,230,174668210
2025-06-08,West,Hatchback,Dealer,295,331787975
2025-06-08,West,Sedan,Dealer,168,122943576
2025-06-09,North,SUV,Dealer,203,120870057
2025-06-09,North,Hatchback,Dealer,234,233230608
2025-06-09,North,Sedan,Dealer,156,81222180
2025-06-09,South,SUV,Online,172,163468800
2025-06-09,South,Hatchback,Dealer,203,208242475
2025-06-09,South,Sedan,Online,161,108068996
2025-06-09,East,SUV,Dealer,152,89656592
2025-06-09,East,Hatchback,Dealer,153,169422561
2025-06-09,East,Sedan,Online,144,162257328
2025-06-09,West,SUV,Dealer,204,188624928
2025-06-09,West,Hatchback,Dealer,268,188441788
2025-06-09,West,Sedan,Dealer,172,119491152
2025-06-10,North,SUV,Online,201,186930000
2025-06-10,North,Hatchback,Dealer,225,230481450
2025-06-10,North,Sedan,Dealer,196,122147004
2025-06-10,South,SUV,Online,155,82079475
2025-06-10,South,Hatchback,Online,231,197571528
2025-06-10,South,Sedan,Dealer,141,152574972
2025-06-10,East,SUV,Dealer,165,112876500
2025-06-10,East,Hatchback,Dealer,199,100945735
2025-06-10,East,Sedan,Dealer,126,83466684
2025-06-10,West,SUV,Dealer,220,127071340
2025-06-10,West,Hatchback,Dealer,253,297634007
2025-06-10,West,Sedan,Online,160,103779200
2025-06-11,North,SUV,Online,225,236926350
2025-06-11,North,Hatchback,Dealer,266,317391466
2025-06-11,North,Sedan,Dealer,161,120285193
2025-06-11,South,SUV,Dealer,179,193734206
2025-06-11,South,Hatchback,Dealer,220,229341640
2025-06-11,South,Sedan,Dealer,174,185273460
2025-06-11,East,SUV,Dealer,163,113446533
2025-06-11,East,Hatchback,Dealer,192,99301248
2025-06-11,East,Sedan,Dealer,120,91131000
2025-06-11,West,SUV,Dealer,237,143880804
2025-06-11,West,Hatchback,Dealer,276,191041680
2025-06-11,West,Sedan,Dealer,184,155988024
2025-06-12,North,SUV,Dealer,213,234225237
2025-06-12,North,Hatchback,Dealer,236,147318752
2025-06-12,North,Sedan,Dealer,186,185722116
2025-06-12,South,SUV,Dealer,198,164756394
2025-06-12,South,Hatchback,Dealer,222,180263334
2025-06-12,South,Sedan,Dealer,157,172173893
2025-06-12,East,SUV,Dealer,152,107786848
2025-06-12,East,Hatchback,Online,204,197331240
2025-06-12,East,Sedan,Dealer,117,137701395
2025-06-12,West,SUV,Dealer,218,203363262
2025-06-12,West,Hatchback,Online,302,359727300
2025-06-12,West,Sedan,Dealer,209,175265728
2025-06-13,North,SUV,Dealer,208,161105984
2025-06-13,North,Hatchback,Dealer,249,231370551
2025-06-13,North,Sedan,Dealer,128,95553536
2025-06-13,South,SUV,Online,185,98819600
2025-06-13,South,Hatchback,Dealer,243,220277313
2025-06-13,South,Sedan,Dealer,160,127471040
2025-06-13,East,SUV,Online,172,133772828
2025-06-13,East,Hatchback,Online,190,173585140
2025-06-13,East,Sedan,Dealer,146,128681772
2025-06-13,West,SUV,Dealer,229,118389336
2025-06-13,West,Hatchback,Dealer,297,163172394
2025-06-13,West,Sedan,Dealer,183,122054229
2025-06-14,North,SUV,Online,209,241465433
2025-06-14,North,Hatchback,Dealer,259,293620271
2025-06-14,North,Sedan,Online,193,226779825
2025-06-14,South,SUV,Dealer,192,141111360
2025-06-14,South,Hatchback,Dealer,232,195606160
2025-06-14,South,Sedan,Online,135,114228900
2025-06-14,East,SUV,Online,158,187676034
2025-06-14,East,Hatchback,Dealer,189,179925921
2025-06-14,East,Sedan,Dealer,119,65164281
2025-06-14,West,SUV,Dealer,234,127625004
2025-06-14,West,Hatchback,Dealer,273,286549809
2025-06-14,West,Sedan,Online,191,156944891
2025-06-15,North,SUV,Dealer,211,145542103
2025-06-15,North,Hatchback,Dealer,252,146462148
2025-06-15,North,Sedan,Dealer,150,121906800
2025-06-15,South,SUV,Dealer,194,217135664
2025-06-15,South,Hatchback,Dealer,218,209677414
2025-06-15,South,Sedan,Online,151,142533581
2025-06-15,East,SUV,Dealer,152,98904120
2025-06-15,East,Hatchback,Dealer,206,201776588
2025-06-15,East,Sedan,Dealer,105,90766830
2025-06-15,West,SUV,Dealer,241,255636653
2025-06-15,West,Hatchback,Dealer,275,253836275
2025-06-15,West,Sedan,Dealer,192,209781120
2025-06-16,North,SUV,Online,181,108463164
2025-06-16,North,Hatchback,Dealer,268,229781860
2025-06-16,North,Sedan,Dealer,175,122511375
2025-06-16,South,SUV,Dealer,172,191203800
2025-06-16,South,Hatchback,Dealer,222,186446922
2025-06-16,South,Sedan,Online,148,106250976
2025-06-16,East,SUV,Dealer,150,154836750
2025-06-16,East,Hatchback,Online,198,177805584
2025-06-16,East,Sedan,Online,88,65783608
2025-06-16,West,SUV,Dealer,226,239406094
2025-06-16,West,Hatchback,Dealer,261,147691287
2025-06-16,West,Sedan,Online,188,206422684
2025-06-17,North,SUV,Dealer,215,186091745
2025-06-17,North,Hatchback,Dealer,247,220466025
2025-06-17,North,Sedan,Dealer,163,142290687
2025-06-17,South,SUV,Online,184,204912520
2025-06-17,South,Hatchback,Dealer,200,164807200
2025-06-17,South,Sedan,Dealer,122,88048742
2025-06-17,East,SUV,Dealer,160,182029440
2025-06-17,East,Hatchback,Dealer,182,119406560
2025-06-17,East,Sedan,Online,133,157337138
2025-06-17,West,SUV,Dealer,204,140935644
2025-06-17,West,Hatchback,Dealer,295,332804545
2025-06-17,West,Sedan,Dealer,193,161253430
2025-06-18,North,SUV,Dealer,208,114451584
2025-06-18,North,Hatchback,Online,243,140912784
2025-06-18,North,Sedan,Dealer,175,133479325
2025-06-18,South,SUV,Dealer,192,144920256
2025-06-18,South,Hatchback,Dealer,218,257050122
2025-06-18,South,Sedan,Dealer,153,132309045
2025-06-18,East,SUV,Dealer,161,134907535
2025-06-18,East,Hatchback,Dealer,195,192649665
2025-06-18,East,Sedan,Dealer,117,76589019
2025-06-18,West,SUV,Dealer,243,182909016
2025-06-18,West,Hatchback,Dealer,289,228424155
2025-06-18,West,Sedan,Dealer,173,94810401
2025-06-19,North,SUV,Online,196,111798400
2025-06-19,North,Hatchback,Dealer,270,233093160
2025-06-19,North,Sedan,Dealer,177,178534590
2025-06-19,South,SUV,Dealer,176,188918224
2025-06-19,South,Hatchback,Dealer,205,199530395
2025-06-19,South,Sedan,Dealer,136,86303560
2025-06-19,East,SUV,Dealer,172,194552812
2025-06-19,East,Hatchback,Dealer,195,217914060
2025-06-19,East,Sedan,Dealer,148,87860200
2025-06-19,West,SUV,Dealer,207,114277662
2025-06-19,West,Hatchback,Dealer,276,212888184
2025-06-19,West,Sedan,Dealer,189,109321758
2025-06-20,North,SUV,Dealer,233,145765732
2025-06-20,North,Hatchback,Dealer,266,259824810
2025-06-20,North,Sedan,Dealer,187,172465425
2025-06-20,South,SUV,Online,157,145388594
2025-06-20,South,Hatchback,Dealer,187,95054718
2025-06-20,South,Sedan,Dealer,142,123511884
2025-06-20,East,SUV,Dealer,162,129790026
2025-06-20,East,Hatchback,Dealer,178,197537636
2025-06-20,East,Sedan,Dealer,120,106866600
2025-06-20,West,SUV,Dealer,232,138778920
2025-06-20,West,Hatchback,Online,276,139040796
2025-06-20,West,Sedan,Dealer,185,151807300
2025-06-21,North,SUV,Dealer,168,164753232
2025-06-21,North,Hatchback,Dealer,248,221499960
2025-06-21,North,Sedan,Online,146,77010912
2025-06-21,South,SUV,Dealer,175,133644875
2025-06-21,South,Hatchback,Dealer,201,199668777
2025-06-21,South,Sedan,Dealer,153,179563248
2025-06-21,East,SUV,Online,158,145197734
2025-06-21,East,Hatchback,Dealer,184,167057648
2025-06-21,East,Sedan,Dealer,129,126303255
2025-06-21,West,SUV,Online,221,139757085
2025-06-21,West,Hatchback,Dealer,275,240187750
2025-06-21,West,Sedan,Dealer,202,232770458
2025-06-22,North,SUV,Dealer,191,214343065
2025-06-22,North,Hatchback,Dealer,227,140285092
2025-06-22,North,Sedan,Dealer,168,153346032
2025-06-22,South,SUV,Dealer,172,117954848
2025-06-22,South,Hatchback,Dealer,202,138628156
2025-06-22,South,Sedan,Dealer,123,110175897
2025-06-22,East,SUV,Dealer,158,82623888
2025-06-22,East,Hatchback,Dealer,189,138082644
2025-06-22,East,Sedan,Dealer,128,133978496
2025-06-22,West,SUV,Dealer,208,238263792
2025-06-22,West,Hatchback,Dealer,299,266243653
2025-06-22,West,Sedan,Dealer,192,107214336
2025-06-23,North,SUV,Dealer,216,133444368
2025-06-23,North,Hatchback,Dealer,266,218345302
2025-06-23,North,Sedan,Dealer,168,165051600
2025-06-23,South,SUV,Dealer,166,197264440
2025-06-23,South,Hatchback,Online,249,281016420
2025-06-23,South,Sedan,Online,110,59218060
2025-06-23,East,SUV,Dealer,172,199288316
2025-06-23,East,Hatchback,Dealer,193,193607950
2025-06-23,East,Sedan,Dealer,168,185185392
2025-06-23,West,SUV,Dealer,242,235918298
2025-06-23,West,Hatchback,Dealer,269,306585756
2025-06-23,West,Sedan,Dealer,194,228607078
2025-06-24,North,SUV,Online,222,172550610
2025-06-24,North,Hatchback,Dealer,255,200507775
2025-06-24,North,Sedan,Dealer,156,81822312
2025-06-24,South,SUV,Dealer,195,218899395
2025-06-24,South,Hatchback,Dealer,215,254617190
2025-06-24,South,Sedan,Dealer,171,116544879
2025-06-24,East,SUV,Dealer,130,150434830
2025-06-24,East,Hatchback,Online,183,104819106
2025-06-24,East,Sedan,Dealer,140,113911140
2025-06-24,West,SUV,Dealer,191,135147780
2025-06-24,West,Hatchback,Dealer,277,183995588
2025-06-24,West,Sedan,Dealer,191,212301084
2025-06-25,North,SUV,Dealer,209,190119776
2025-06-25,North,Hatchback,Dealer,288,178868160
2025-06-25,North,Sedan,Dealer,159,188621064
2025-06-25,South,SUV,Dealer,143,76861499
2025-06-25,South,Hatchback,Dealer,207,124559145
2025-06-25,South,Sedan,Online,147,85373337
2025-06-25,East,SUV,Dealer,151,169383797
2025-06-25,East,Hatchback,Online,202,148001764
2025-06-25,East,Sedan,Online,137,109108444
2025-06-25,West,SUV,Dealer,227,178984960
2025-06-25,West,Hatchback,Online,270,164369250
2025-06-25,West,Sedan,Dealer,209,247746092
2025-06-26,North,SUV,Dealer,206,112416672
2025-06-26,North,Hatchback,Dealer,241,150707422
2025-06-26,North,Sedan,Dealer,145,131999735
2025-06-26,South,SUV,Online,195,201986265
2025-06-26,South,Hatchback,Dealer,201,185270343
2025-06-26,South,Sedan,Dealer,156,168838176
2025-06-26,East,SUV,Dealer,172,153322004
2025-06-26,East,Hatchback,Dealer,206,142404710
2025-06-26,East,Sedan,Online,127,104087422
2025-06-26,West,SUV,Dealer,225,195538725
2025-06-26,West,Hatchback,Dealer,271,197766857
2025-06-26,West,Sedan,Dealer,205,244109490
2025-06-27,North,SUV,Dealer,204,241381980
2025-06-27,North,Hatchback,Dealer,236,160806388
2025-06-27,North,Sedan,Dealer,178,178426132
2025-06-27,South,SUV,Online,192,145370304
2025-06-27,South,Hatchback,Dealer,201,209005428
2025-06-27,South,Sedan,Dealer,133,100084495
2025-06-27,East,SUV,Dealer,176,132135168
2025-06-27,East,Hatchback,Dealer,192,140902464
2025-06-27,East,Sedan,Online,147,156065343
2025-06-27,West,SUV,Dealer,234,213831774
2025-06-27,West,Hatchback,Online,268,306327216
2025-06-27,West,Sedan,Dealer,163,83733589
2025-06-28,North,SUV,Online,186,206974476
2025-06-28,North,Hatchback,Dealer,252,173139876
2025-06-28,North,Sedan,Dealer,175,152351325
2025-06-28,South,SUV,Dealer,169,140449985
2025-06-28,South,Hatchback,Dealer,193,130331935
2025-06-28,South,Sedan,Dealer,153,127068795
2025-06-28,East,SUV,Dealer,176,136898784
2025-06-28,East,Hatchback,Dealer,232,195384832
2025-06-28,East,Sedan,Dealer,153,91688310
2025-06-28,West,SUV,Dealer,227,251804063
2025-06-28,West,Hatchback,Dealer,254,199803766
2025-06-28,West,Sedan,Dealer,213,190482279
2025-06-29,North,SUV,Dealer,235,281626820
2025-06-29,North,Hatchback,Dealer,251,195968752
2025-06-29,North,Sedan,Dealer,187,140768551
2025-06-29,South,SUV,Dealer,187,166396527
2025-06-29,South,Hatchback,Dealer,229,154094787
2025-06-29,South,Sedan,Dealer,170,102501670
2025-06-29,East,SUV,Online,197,129985722
2025-06-29,East,Hatchback,Dealer,192,162997056
2025-06-29,East,Sedan,Dealer,132,97532952
2025-06-29,West,SUV,Dealer,232,214794880
2025-06-29,West,Hatchback,Online,263,134744368
2025-06-29,West,Sedan,Online,162,94318344
2025-06-30,North,SUV,Dealer,190,213336750
2025-06-30,North,Hatchback,Dealer,248,127578392
2025-06-30,North,Sedan,Dealer,173,194817895
2025-06-30,South,SUV,Dealer,176,163411072
2025-06-30,South,Hatchback,Dealer,229,213066867
2025-06-30,South,Sedan,Dealer,146,105500038
2025-06-30,East,SUV,Dealer,182,128742068
2025-06-30,East,Hatchback,Dealer,208,245753040
2025-06-30,East,Sedan,Dealer,144,158411376
2025-06-30,West,SUV,Online,215,140696860
2025-06-30,West,Hatchback,Dealer,290,169795290
2025-06-30,West,Sedan,Dealer,181,141017100
